{
    "best_val_accuracy": 0.7920017387524452,
    "best_val_loss": 0.553036900466744,
    "best_experiment_id": "params_828dca1639",
    "best_experiment_params": {
        "model": "mlp",
        "task": "ProximityRecognition",
        "task_name": "ProximityRecognition",
        "seed": 42,
        "num_classes": 4,
        "batch_size": 128,
        "learning_rate": 0.001,
        "weight_decay": 1e-05,
        "epochs": 100,
        "warmup_epochs": 5,
        "patience": 15,
        "win_len": 500,
        "feature_size": 232,
        "test_splits": [
            "test_id",
            "test_cross_device",
            "test_cross_user",
            "test_cross_env"
        ]
    },
    "best_test_accuracies": {
        "test": 0.788135593220339,
        "test_cross_device": 0.44595576783303914,
        "test_cross_user": 0.47881740853910315,
        "test_cross_env": 0.5021052631578947
    },
    "best_test_f1_scores": {
        "test": 0.7791152848509678,
        "test_cross_device": 0.44540472726965713,
        "test_cross_user": 0.5013150666808849,
        "test_cross_env": 0.45621939554044344
    },
    "timestamp": "2026-06-24 23:07:44"
}