{
    "best_val_accuracy": 0.9436619718309859,
    "best_val_loss": 0.1343524033574751,
    "best_experiment_id": "params_828dca1639",
    "best_experiment_params": {
        "model": "vit",
        "task": "FallDetection",
        "task_name": "FallDetection",
        "seed": 42,
        "num_classes": 2,
        "batch_size": 128,
        "learning_rate": 0.001,
        "weight_decay": 1e-05,
        "epochs": 100,
        "warmup_epochs": 5,
        "patience": 15,
        "win_len": 500,
        "feature_size": 232,
        "test_splits": [
            "test_easy",
            "test_id",
            "test_hard",
            "test_medium"
        ]
    },
    "best_test_accuracies": {
        "test_easy": 0.9810901001112347,
        "test": 0.9563451776649746,
        "test_hard": 0.6666666666666666,
        "test_medium": 0.8235294117647058
    },
    "best_test_f1_scores": {
        "test_easy": 0.9810947534933426,
        "test": 0.9562258050389217,
        "test_hard": 0.6635756937126801,
        "test_medium": 0.8198142414860681
    },
    "timestamp": "2026-06-18 23:13:46"
}