,precision,recall,f1-score,support
U01,1.0,1.0,1.0,876.0
U03,1.0,1.0,1.0,436.0
U04,1.0,0.9987341772151899,0.999366687777074,790.0
U05,1.0,1.0,1.0,894.0
U06,1.0,1.0,1.0,816.0
U22,0.9987357774968394,1.0,0.9993674889310563,790.0
accuracy,0.9997827031725337,0.9997827031725337,0.9997827031725337,0.9997827031725337
macro avg,0.9997892962494732,0.999789029535865,0.9997890294513551,4602.0
weighted avg,0.9997829778840728,0.9997827031725337,0.9997827030854896,4602.0
