,precision,recall,f1-score,support
U01,0.0,0.0,0.0,0.0
U03,0.0,0.0,0.0,0.0
U04,0.0,0.0,0.0,0.0
U05,1.0,0.14015037593984964,0.24584542337114218,6650.0
U06,0.0,0.0,0.0,0.0
U22,0.0,0.0,0.0,0.0
accuracy,0.14015037593984964,0.14015037593984964,0.14015037593984964,0.14015037593984964
macro avg,0.16666666666666666,0.02335839598997494,0.0409742372285237,6650.0
weighted avg,1.0,0.14015037593984964,0.24584542337114218,6650.0
