{
    "test": {
        "loss": 0.0008087522265652462,
        "accuracy": 0.9997827031725337,
        "f1_score": 0.9997827030854896,
        "n_samples": 4602
    },
    "test_cross_device": {
        "loss": 8.057319955436343,
        "accuracy": 0.23735852974768976,
        "f1_score": 0.20644606169605398,
        "n_samples": 9631
    },
    "test_cross_user": {
        "loss": 16.375955448092355,
        "accuracy": 0.0,
        "f1_score": 0.0,
        "n_samples": 12109
    },
    "test_cross_env": {
        "loss": 8.75789243339596,
        "accuracy": 0.14015037593984964,
        "f1_score": 0.24584542337114218,
        "n_samples": 6650
    }
}