,precision,recall,f1-score,support
Fall,0.9090909090909091,0.9567198177676538,0.9322974472807991,439.0
Nonfall,0.9642857142857143,0.9243243243243243,0.9438822447102115,555.0
accuracy,0.9386317907444668,0.9386317907444668,0.9386317907444668,0.9386317907444668
macro avg,0.9366883116883117,0.9405220710459891,0.9380898459955054,994.0
weighted avg,0.9399089341242259,0.9386317907444668,0.9387658200909841,994.0
