,precision,recall,f1-score,support
Fall,0.6031746031746031,1.0,0.7524752475247525,38.0
Nonfall,1.0,0.1935483870967742,0.32432432432432434,31.0
accuracy,0.6376811594202898,0.6376811594202898,0.6376811594202898,0.6376811594202898
macro avg,0.8015873015873016,0.5967741935483871,0.5383997859245384,69.0
weighted avg,0.7814584771106511,0.6376811594202898,0.560117586376734,69.0
