,precision,recall,f1-score,support
Fall,0.9633802816901409,0.9661016949152542,0.9647390691114246,354.0
Nonfall,0.9779411764705882,0.9761467889908257,0.9770431588613406,545.0
accuracy,0.9721913236929922,0.9721913236929922,0.9721913236929922,0.9721913236929922
macro avg,0.9706607290803646,0.9711242419530399,0.9708911139863826,899.0
weighted avg,0.9722075204613799,0.9721913236929922,0.9721981669019744,899.0
