,precision,recall,f1-score,support
Fall,0.9101654846335697,0.9600997506234414,0.9344660194174758,401.0
Nonfall,0.9715302491103203,0.934931506849315,0.9528795811518325,584.0
accuracy,0.9451776649746193,0.9451776649746193,0.9451776649746193,0.9451776649746193
macro avg,0.940847866871945,0.9475156287363782,0.9436728002846542,985.0
weighted avg,0.9465482485466888,0.9451776649746193,0.9453832986589623,985.0
