{
    "test_easy": {
        "loss": 0.08009313254640982,
        "accuracy": 0.9721913236929922,
        "f1_score": 0.9721981669019744,
        "n_samples": 915
    },
    "test": {
        "loss": 0.12856368167600052,
        "accuracy": 0.9451776649746193,
        "f1_score": 0.9453832986589623,
        "n_samples": 1005
    },
    "test_hard": {
        "loss": 0.591201901435852,
        "accuracy": 0.6376811594202898,
        "f1_score": 0.560117586376734,
        "n_samples": 73
    },
    "test_medium": {
        "loss": 0.8140338659286499,
        "accuracy": 0.7647058823529411,
        "f1_score": 0.7546218487394958,
        "n_samples": 17
    }
}