{
    "best_epoch": 19,
    "best_val_loss": 0.1470176770353701,
    "best_val_accuracy": 0.9386317907444668,
    "experiment_id": "params_828dca1639",
    "experiment_completed": true,
    "test_easy_accuracy": 0.9721913236929922,
    "test_easy_f1_score": 0.9721981669019744,
    "test_accuracy": 0.9451776649746193,
    "test_f1_score": 0.9453832986589623,
    "test_hard_accuracy": 0.6376811594202898,
    "test_hard_f1_score": 0.560117586376734,
    "test_medium_accuracy": 0.7647058823529411,
    "test_medium_f1_score": 0.7546218487394958
}