{
    "best_val_accuracy": 0.9426559356136821,
    "best_val_loss": 0.15286924883393455,
    "best_experiment_id": "params_828dca1639",
    "best_experiment_params": {
        "model": "transformer",
        "task": "FallDetection",
        "task_name": "FallDetection",
        "seed": 42,
        "num_classes": 2,
        "batch_size": 128,
        "learning_rate": 0.001,
        "weight_decay": 1e-05,
        "epochs": 100,
        "warmup_epochs": 5,
        "patience": 15,
        "win_len": 500,
        "feature_size": 232,
        "test_splits": [
            "test_easy",
            "test_id",
            "test_hard",
            "test_medium"
        ]
    },
    "best_test_accuracies": {
        "test_easy": 0.9755283648498332,
        "test": 0.9390862944162437,
        "test_hard": 0.5652173913043478,
        "test_medium": 0.5294117647058824
    },
    "best_test_f1_scores": {
        "test_easy": 0.9755746097432384,
        "test": 0.9394118018216334,
        "test_hard": 0.4229388843314192,
        "test_medium": 0.5092436974789916
    },
    "timestamp": "2026-06-18 23:14:40"
}