{
    "best_val_accuracy": 0.9854294478527608,
    "best_val_loss": 0.05115102405628123,
    "best_experiment_id": "params_828dca1639",
    "best_experiment_params": {
        "model": "patchtst",
        "task": "MotionSourceRecognition",
        "task_name": "MotionSourceRecognition",
        "seed": 42,
        "num_classes": 2,
        "batch_size": 128,
        "learning_rate": 0.001,
        "weight_decay": 1e-05,
        "epochs": 100,
        "warmup_epochs": 5,
        "patience": 15,
        "win_len": 500,
        "feature_size": 232,
        "test_splits": [
            "test_easy",
            "test_id",
            "test_hard",
            "test_medium"
        ]
    },
    "best_test_accuracies": {
        "test_easy": 0.9861271676300578,
        "test": 0.9855437520534444,
        "test_hard": 0.9750499001996008,
        "test_medium": 0.9888214627914405
    },
    "best_test_f1_scores": {
        "test_easy": 0.9861560445032775,
        "test": 0.9855387298575318,
        "test_hard": 0.9750452378243047,
        "test_medium": 0.9888095314102697
    },
    "timestamp": "2026-06-19 09:22:51"
}