{
    "best_val_accuracy": 0.9910166520595969,
    "best_val_loss": 0.03629706415971561,
    "best_experiment_id": "params_828dca1639",
    "best_experiment_params": {
        "model": "patchtst",
        "task": "MotionSourceRecognition",
        "task_name": "MotionSourceRecognition",
        "seed": 42,
        "num_classes": 4,
        "batch_size": 128,
        "learning_rate": 0.001,
        "weight_decay": 1e-05,
        "epochs": 100,
        "warmup_epochs": 5,
        "patience": 15,
        "win_len": 500,
        "feature_size": 232,
        "test_splits": [
            "test_easy",
            "test_id",
            "test_hard",
            "test_medium"
        ]
    },
    "best_test_accuracies": {
        "test_easy": 0.9872832369942196,
        "test": 0.9895958821596759,
        "test_hard": 0.9840319361277445,
        "test_medium": 0.9916959437879271
    },
    "best_test_f1_scores": {
        "test_easy": 0.9884331821847683,
        "test": 0.9896014019314862,
        "test_hard": 0.9840370405773456,
        "test_medium": 0.9916988663901251
    },
    "timestamp": "2026-06-24 07:47:57"
}