,precision,recall,f1-score,support
Fall,1.0,0.6666666666666666,0.8,9.0
Nonfall,0.7272727272727273,1.0,0.8421052631578947,8.0
accuracy,0.8235294117647058,0.8235294117647058,0.8235294117647058,0.8235294117647058
macro avg,0.8636363636363636,0.8333333333333333,0.8210526315789474,17.0
weighted avg,0.8716577540106952,0.8235294117647058,0.8198142414860681,17.0
