,precision,recall,f1-score,support
Fall,0.9746478873239437,0.9774011299435028,0.9760225669957687,354.0
Nonfall,0.9852941176470589,0.9834862385321101,0.9843893480257117,545.0
accuracy,0.9810901001112347,0.9810901001112347,0.9810901001112347,0.9810901001112347
macro avg,0.9799710024855013,0.9804436842378065,0.9802059575107402,899.0
weighted avg,0.9811019424141525,0.9810901001112347,0.9810947534933426,899.0
