,precision,recall,f1-score,support
Fall,0.7777777777777778,0.5526315789473685,0.6461538461538462,38.0
Nonfall,0.5952380952380952,0.8064516129032258,0.684931506849315,31.0
accuracy,0.6666666666666666,0.6666666666666666,0.6666666666666666,0.6666666666666666
macro avg,0.6865079365079365,0.6795415959252971,0.6655426765015806,69.0
weighted avg,0.6957671957671957,0.6666666666666666,0.6635756937126801,69.0
