,precision,recall,f1-score,support
Fall,0.9505882352941176,0.9202733485193622,0.9351851851851852,439.0
Nonfall,0.9384885764499121,0.9621621621621622,0.9501779359430605,555.0
accuracy,0.9436619718309859,0.9436619718309859,0.9436619718309859,0.9436619718309859
macro avg,0.9445384058720149,0.9412177553407621,0.9426815605641229,994.0
weighted avg,0.943832389561186,0.9436619718309859,0.9435563890791699,994.0
