,precision,recall,f1-score,support
Fall,0.961340206185567,0.9301745635910225,0.9455006337135615,401.0
Nonfall,0.9530988274706867,0.9743150684931506,0.9635901778154107,584.0
accuracy,0.9563451776649746,0.9563451776649746,0.9563451776649746,0.9563451776649746
macro avg,0.9572195168281269,0.9522448160420866,0.9545454057644861,985.0
weighted avg,0.9564539471302472,0.9563451776649746,0.9562258050389217,985.0
