{
    "test_easy": {
        "loss": 0.061237657965845675,
        "accuracy": 0.9810901001112347,
        "f1_score": 0.9810947534933426,
        "n_samples": 915
    },
    "test": {
        "loss": 0.10603571270928165,
        "accuracy": 0.9563451776649746,
        "f1_score": 0.9562258050389217,
        "n_samples": 1005
    },
    "test_hard": {
        "loss": 0.5877149105072021,
        "accuracy": 0.6666666666666666,
        "f1_score": 0.6635756937126801,
        "n_samples": 73
    },
    "test_medium": {
        "loss": 0.5200108885765076,
        "accuracy": 0.8235294117647058,
        "f1_score": 0.8198142414860681,
        "n_samples": 17
    }
}