{
    "best_epoch": 37,
    "best_val_loss": 0.1343524033574751,
    "best_val_accuracy": 0.9436619718309859,
    "experiment_id": "params_828dca1639",
    "experiment_completed": true,
    "test_easy_accuracy": 0.9810901001112347,
    "test_easy_f1_score": 0.9810947534933426,
    "test_accuracy": 0.9563451776649746,
    "test_f1_score": 0.9562258050389217,
    "test_hard_accuracy": 0.6666666666666666,
    "test_hard_f1_score": 0.6635756937126801,
    "test_medium_accuracy": 0.8235294117647058,
    "test_medium_f1_score": 0.8198142414860681
}