,precision,recall,f1-score,support
jumping,0.09111411817771764,0.22696629213483147,0.13002896684905052,890.0
running,0.125,0.26581325301204817,0.17003853564547206,1328.0
seated-breathing,0.1611883691529709,0.21518987341772153,0.18431514275388508,1185.0
walking,0.5301801801801802,0.24025311288017964,0.3306644191599944,4899.0
wavinghand,0.2982233502538071,0.17682468021068473,0.22201228153046765,1329.0
accuracy,0.23071332156577717,0.23071332156577717,0.23071332156577717,0.23071332156577717
macro avg,0.24114120355293514,0.2250094423310931,0.20741186918777393,9631.0
weighted avg,0.35632762099620513,0.23071332156577717,0.2569753620200394,9631.0
