,precision,recall,f1-score,support
jumping,0.7368421052631579,0.125,0.21374045801526717,112.0
running,0.2698412698412698,0.09042553191489362,0.13545816733067728,188.0
seated-breathing,1.0,1.0,1.0,21.0
walking,0.30793650793650795,1.0,0.470873786407767,97.0
wavinghand,1.0,1.0,1.0,26.0
accuracy,0.39414414414414417,0.39414414414414417,0.39414414414414417,0.39414414414414417
macro avg,0.6629239766081871,0.6430851063829788,0.5640144823507424,444.0
weighted avg,0.47325746799431007,0.39414414414414417,0.31999960368790686,444.0
