,precision,recall,f1-score,support
jumping,0.10317805833696125,0.2662921348314607,0.1487292124254785,890.0
running,0.1101871101871102,0.039909638554216864,0.058595909342177996,1328.0
seated-breathing,0.2677595628415301,0.20675105485232068,0.23333333333333334,1185.0
walking,0.4826646854878653,0.3978362931210451,0.43616426093767485,4899.0
wavinghand,0.18052631578947367,0.2580887885628292,0.21244967482192628,1329.0
accuracy,0.2935313051604195,0.2935313051604195,0.2935313051604195,0.2935313051604195
macro avg,0.2288631465285881,0.23377558198437448,0.2178544781721182,9631.0
weighted avg,0.32810152674746684,0.2935313051604195,0.3017130826328624,9631.0
