{
    "test": {
        "loss": 0.16280193775422752,
        "accuracy": 0.9482833550630161,
        "f1_score": 0.9482675318629817,
        "n_samples": 4602
    },
    "test_cross_device": {
        "loss": 4.889362530824787,
        "accuracy": 0.2935313051604195,
        "f1_score": 0.3017130826328624,
        "n_samples": 9631
    },
    "test_cross_user_env": {
        "loss": 3.95084528499723,
        "accuracy": 0.4180393411162642,
        "f1_score": 0.4003745936837398,
        "n_samples": 18759
    },
    "test_instance": {
        "loss": 4.281523506920617,
        "accuracy": 0.39414414414414417,
        "f1_score": 0.31994295323582916,
        "n_samples": 444
    },
    "test_cross_user": {
        "loss": 3.6778012554720627,
        "accuracy": 0.4737798331819308,
        "f1_score": 0.4294065214189446,
        "n_samples": 12109
    },
    "test_cross_env": {
        "loss": 4.448031731512313,
        "accuracy": 0.3165413533834586,
        "f1_score": 0.324177404111573,
        "n_samples": 6650
    }
}