{
    "best_val_accuracy": 0.994193689745837,
    "best_val_loss": 0.021719969542223452,
    "best_experiment_id": "params_828dca1639",
    "best_experiment_params": {
        "model": "vit",
        "task": "MotionSourceRecognition",
        "task_name": "MotionSourceRecognition",
        "seed": 42,
        "num_classes": 4,
        "batch_size": 128,
        "learning_rate": 0.001,
        "weight_decay": 1e-05,
        "epochs": 100,
        "warmup_epochs": 5,
        "patience": 15,
        "win_len": 500,
        "feature_size": 232,
        "test_splits": [
            "test_easy",
            "test_id",
            "test_hard",
            "test_medium"
        ]
    },
    "best_test_accuracies": {
        "test_easy": 0.9907514450867052,
        "test": 0.9931004271164166,
        "test_hard": 0.9910179640718563,
        "test_medium": 0.9940913446183328
    },
    "best_test_f1_scores": {
        "test_easy": 0.9907622070246813,
        "test": 0.9930997337084325,
        "test_hard": 0.9910068147792293,
        "test_medium": 0.9940896833751157
    },
    "timestamp": "2026-06-23 09:15:51"
}