{
    "best_val_accuracy": 0.9914548641542507,
    "best_val_loss": 0.02825951070576175,
    "best_experiment_id": "params_828dca1639",
    "best_experiment_params": {
        "model": "vit",
        "task": "MotionSourceRecognition",
        "task_name": "MotionSourceRecognition",
        "seed": 42,
        "num_classes": 2,
        "batch_size": 128,
        "learning_rate": 0.001,
        "weight_decay": 1e-05,
        "epochs": 100,
        "warmup_epochs": 5,
        "patience": 15,
        "win_len": 500,
        "feature_size": 232,
        "test_splits": [
            "test_easy",
            "test_id",
            "test_hard",
            "test_medium"
        ]
    },
    "best_test_accuracies": {
        "test_easy": 0.9815028901734104,
        "test": 0.9909100865184536,
        "test_hard": 0.9835329341317365,
        "test_medium": 0.9945704247844139
    },
    "best_test_f1_scores": {
        "test_easy": 0.9815552796776645,
        "test": 0.9909109407349049,
        "test_hard": 0.9835133965395354,
        "test_medium": 0.9945676252262524
    },
    "timestamp": "2026-06-19 08:02:41"
}