,precision,recall,f1-score,support
jumping,0.07933194154488518,0.034990791896869246,0.04856230031948882,1086.0
running,0.05385329619312906,0.03381924198250729,0.04154727793696275,1715.0
seated-breathing,0.4323308270676692,0.14411027568922305,0.2161654135338346,1596.0
walking,0.601248674755566,0.8342595619483492,0.6988430204696379,6118.0
wavinghand,0.11031331592689295,0.10602258469259725,0.10812539987204095,1594.0
accuracy,0.46238335122636054,0.46238335122636054,0.46238335122636054,0.46238335122636054
macro avg,0.25541561109762845,0.2306404912419092,0.22264868242639305,12109.0
weighted avg,0.39002326445048985,0.46238335122636054,0.40605051832836175,12109.0
