,precision,recall,f1-score,support
jumping,0.07138304652644997,0.0644789867587795,0.0677555958862674,1737.0
running,0.10736386138613861,0.13544106167056988,0.11977908180876769,2562.0
seated-breathing,0.35822637106184363,0.125,0.18533051614850587,2456.0
walking,0.5945262790900375,0.715589592950063,0.6494644132349441,9532.0
wavinghand,0.10503685503685503,0.0691747572815534,0.08341463414634147,2472.0
accuracy,0.4135614904845674,0.4135614904845674,0.4135614904845674,0.4135614904845674
macro avg,0.2473072826202649,0.22193687973219314,0.22114884824496533,18759.0
weighted avg,0.38411099365387075,0.4135614904845674,0.3879009002545169,18759.0
