,precision,recall,f1-score,support
jumping,0.9131578947368421,0.8032407407407407,0.854679802955665,432.0
running,0.916247906197655,0.8981937602627258,0.9071310116086235,609.0
seated-breathing,0.9866156787762906,0.9181494661921709,0.9511520737327189,562.0
walking,0.9752724224643755,0.9744556113902848,0.9748638458315878,2388.0
wavinghand,0.8379888268156425,0.9819967266775778,0.9042954031650339,611.0
accuracy,0.9424163407214254,0.9424163407214254,0.9424163407214254,0.9424163407214254
macro avg,0.9258565457981611,0.9152072610527,0.9184244274587259,4602.0
weighted avg,0.9447889862890588,0.9424163407214254,0.9423536031212418,4602.0
