,precision,recall,f1-score,support
jumping,0.8571428571428571,0.32142857142857145,0.4675324675324675,112.0
running,0.64,0.0851063829787234,0.15023474178403756,188.0
seated-breathing,1.0,1.0,1.0,21.0
walking,0.2887537993920973,0.979381443298969,0.4460093896713615,97.0
wavinghand,0.9629629629629629,1.0,0.9811320754716981,26.0
accuracy,0.4369369369369369,0.4369369369369369,0.4369369369369369,0.4369369369369369
macro avg,0.7497719238995835,0.6771832795412528,0.608981734891913,444.0
weighted avg,0.6539778278785371,0.4369369369369369,0.3837389922959946,444.0
