,precision,recall,f1-score,support
jumping,0.0930817610062893,0.08314606741573034,0.08783382789317508,890.0
running,0.1343570057581574,0.15813253012048192,0.14527845036319612,1328.0
seated-breathing,0.22807017543859648,0.24135021097046414,0.23452234522345222,1185.0
walking,0.5636868920796665,0.49683608899775467,0.5281544971248779,4899.0
wavinghand,0.1475602586713698,0.18886380737396538,0.16567656765676567,1329.0
accuracy,0.33797113487695984,0.33797113487695984,0.33797113487695984,0.33797113487695984
macro avg,0.2333512185908159,0.23366574097567933,0.23229313765229342,9631.0
weighted avg,0.36228238987744826,0.33797113487695984,0.34852288524843317,9631.0
