,precision,recall,f1-score,support
jumping,0.925207756232687,0.7422222222222222,0.8236744759556104,450.0
running,0.9044481054365733,0.9029605263157895,0.9037037037037037,608.0
seated-breathing,0.9742710120068611,0.9265905383360522,0.9498327759197325,613.0
walking,0.9743143230300392,0.977292576419214,0.9758011772400261,2290.0
wavinghand,0.8379814077025233,0.9859375,0.9059583632447954,640.0
accuracy,0.938926320365138,0.938926320365138,0.938926320365138,0.938926320365138
macro avg,0.9232445208817367,0.9070006726586556,0.9117940992127735,4601.0
weighted avg,0.9413092739488711,0.938926320365138,0.9382201491038907,4601.0
