{
    "test": {
        "loss": 0.17442495793246643,
        "accuracy": 0.9424163407214254,
        "f1_score": 0.9423536031212418,
        "n_samples": 4602
    },
    "test_cross_device": {
        "loss": 3.0845574023579774,
        "accuracy": 0.33797113487695984,
        "f1_score": 0.34852288524843317,
        "n_samples": 9631
    },
    "test_cross_user_env": {
        "loss": 3.4359619428407497,
        "accuracy": 0.4135614904845674,
        "f1_score": 0.3879009002545169,
        "n_samples": 18759
    },
    "test_instance": {
        "loss": 3.4300499778610094,
        "accuracy": 0.4369369369369369,
        "f1_score": 0.3837389922959946,
        "n_samples": 444
    },
    "test_cross_user": {
        "loss": 3.029845157507596,
        "accuracy": 0.46238335122636054,
        "f1_score": 0.40605051832836175,
        "n_samples": 12109
    },
    "test_cross_env": {
        "loss": 4.175460867343989,
        "accuracy": 0.3246616541353384,
        "f1_score": 0.3257424085980028,
        "n_samples": 6650
    }
}