{
    "best_epoch": 24,
    "best_val_loss": 0.18944315582844154,
    "best_val_accuracy": 0.938926320365138,
    "experiment_id": "params_828dca1639",
    "experiment_completed": true,
    "test_accuracy": 0.9424163407214254,
    "test_f1_score": 0.9423536031212418,
    "test_cross_device_accuracy": 0.33797113487695984,
    "test_cross_device_f1_score": 0.34852288524843317,
    "test_cross_user_env_accuracy": 0.4135614904845674,
    "test_cross_user_env_f1_score": 0.3879009002545169,
    "test_instance_accuracy": 0.4369369369369369,
    "test_instance_f1_score": 0.3837389922959946,
    "test_cross_user_accuracy": 0.46238335122636054,
    "test_cross_user_f1_score": 0.40605051832836175,
    "test_cross_env_accuracy": 0.3246616541353384,
    "test_cross_env_f1_score": 0.3257424085980028
}