{
    "test": {
        "loss": 0.16607276540328916,
        "accuracy": 0.9485006518904824,
        "f1_score": 0.9475955086068308,
        "n_samples": 4602
    },
    "test_cross_device": {
        "loss": 2.973532412210836,
        "accuracy": 0.3670439206728273,
        "f1_score": 0.3752761026468339,
        "n_samples": 9631
    },
    "test_cross_user_env": {
        "loss": 3.283074143821417,
        "accuracy": 0.42203742203742206,
        "f1_score": 0.39677699346826284,
        "n_samples": 18759
    },
    "test_instance": {
        "loss": 3.601238371015669,
        "accuracy": 0.4166666666666667,
        "f1_score": 0.3609753351132662,
        "n_samples": 444
    },
    "test_cross_user": {
        "loss": 2.9069806213707325,
        "accuracy": 0.4853414815426542,
        "f1_score": 0.42128825904505623,
        "n_samples": 12109
    },
    "test_cross_env": {
        "loss": 3.9679036270944694,
        "accuracy": 0.3067669172932331,
        "f1_score": 0.31675578342040545,
        "n_samples": 6650
    }
}