,precision,recall,f1-score,support
Fall,0.8214285714285714,0.6052631578947368,0.696969696969697,38.0
Nonfall,0.6341463414634146,0.8387096774193549,0.7222222222222222,31.0
accuracy,0.7101449275362319,0.7101449275362319,0.7101449275362319,0.7101449275362319
macro avg,0.727787456445993,0.7219864176570459,0.7095959595959596,69.0
weighted avg,0.7372872797050952,0.7101449275362319,0.708315034401991,69.0
