,precision,recall,f1-score,support
Fall,0.9403669724770642,0.9339407744874715,0.9371428571428572,439.0
Nonfall,0.9480286738351255,0.9531531531531532,0.9505840071877808,555.0
accuracy,0.9446680080482898,0.9446680080482898,0.9446680080482898,0.9446680080482898
macro avg,0.9441978231560948,0.9435469638203123,0.943863432165319,994.0
weighted avg,0.9446448842011326,0.9446680080482898,0.9446477246226688,994.0
