,precision,recall,f1-score,support
Fall,0.9512195121951219,0.9915254237288136,0.970954356846473,354.0
Nonfall,0.9943396226415094,0.9669724770642202,0.9804651162790697,545.0
accuracy,0.9766407119021134,0.9766407119021134,0.9766407119021134,0.9766407119021134
macro avg,0.9727795674183157,0.9792489503965169,0.9757097365627714,899.0
weighted avg,0.977360179818349,0.9766407119021134,0.9767200563912619,899.0
