,precision,recall,f1-score,support
Fall,0.9408866995073891,0.9526184538653366,0.9467162329615861,401.0
Nonfall,0.9671848013816926,0.958904109589041,0.9630266552020637,584.0
accuracy,0.9563451776649746,0.9563451776649746,0.9563451776649746,0.9563451776649746
macro avg,0.9540357504445409,0.9557612817271888,0.9548714440818249,985.0
weighted avg,0.9564786705678899,0.9563451776649746,0.9563865746757373,985.0
