{
    "test_easy": {
        "loss": 0.07415329216999127,
        "accuracy": 0.9766407119021134,
        "f1_score": 0.9767200563912619,
        "n_samples": 915
    },
    "test": {
        "loss": 0.10831963836692916,
        "accuracy": 0.9563451776649746,
        "f1_score": 0.9563865746757373,
        "n_samples": 1005
    },
    "test_hard": {
        "loss": 0.5134692192077637,
        "accuracy": 0.7101449275362319,
        "f1_score": 0.708315034401991,
        "n_samples": 73
    },
    "test_medium": {
        "loss": 0.27058732509613037,
        "accuracy": 0.8823529411764706,
        "f1_score": 0.8823529411764706,
        "n_samples": 17
    }
}