{
    "best_epoch": 13,
    "best_val_loss": 0.14208420928215357,
    "best_val_accuracy": 0.9446680080482898,
    "experiment_id": "params_828dca1639",
    "experiment_completed": true,
    "test_easy_accuracy": 0.9766407119021134,
    "test_easy_f1_score": 0.9767200563912619,
    "test_accuracy": 0.9563451776649746,
    "test_f1_score": 0.9563865746757373,
    "test_hard_accuracy": 0.7101449275362319,
    "test_hard_f1_score": 0.708315034401991,
    "test_medium_accuracy": 0.8823529411764706,
    "test_medium_f1_score": 0.8823529411764706
}