,precision,recall,f1-score,support
jumping,0.7647058823529411,0.11607142857142858,0.20155038759689922,112.0
running,0.2535211267605634,0.09574468085106383,0.138996138996139,188.0
seated-breathing,1.0,1.0,1.0,21.0
walking,0.313915857605178,1.0,0.47783251231527096,97.0
wavinghand,1.0,1.0,1.0,26.0
accuracy,0.39414414414414417,0.39414414414414417,0.39414414414414417,0.39414414414414417
macro avg,0.6664285733437365,0.6423632218844985,0.5636758077816618,444.0
weighted avg,0.47468213703202156,0.39414414414414417,0.31994295323582916,444.0
