,precision,recall,f1-score,support
jumping,0.10987482614742698,0.24270353302611367,0.15126854954523697,651.0
running,0.09210526315789473,0.0743801652892562,0.08229915088177661,847.0
seated-breathing,0.41353383458646614,0.06395348837209303,0.1107754279959718,860.0
walking,0.5446838572942423,0.45166959578207383,0.49383506805444355,3414.0
wavinghand,0.18350383631713554,0.32687927107061504,0.23505323505323505,878.0
accuracy,0.3165413533834586,0.3165413533834586,0.3165413533834586,0.3165413533834586
macro avg,0.26874032350063315,0.23191721070803034,0.21464628630613278,6650.0
weighted avg,0.3798267405338437,0.3165413533834586,0.324177404111573,6650.0
