,precision,recall,f1-score,support
jumping,0.8932038834951457,0.8518518518518519,0.8720379146919431,432.0
running,0.9454225352112676,0.8817733990147784,0.9124893797790994,609.0
seated-breathing,0.9074380165289256,0.9768683274021353,0.9408740359897172,562.0
walking,0.987717069038543,0.9765494137353434,0.9821014950515898,2388.0
wavinghand,0.8810975609756098,0.9459901800327333,0.9123914759273876,611.0
accuracy,0.9482833550630161,0.9482833550630161,0.9482833550630161,0.9482833550630161
macro avg,0.9229758130498983,0.9266066344073686,0.9239788602879475,4602.0
weighted avg,0.9492884696920816,0.9482833550630161,0.9482675318629817,4602.0
