,precision,recall,f1-score,support
jumping,0.09597102761430512,0.12204951065054692,0.10745058286872783,1737.0
running,0.11946308724832215,0.06947697111631537,0.087857847976308,2562.0
seated-breathing,0.5272496831432193,0.16938110749185667,0.2563944530046225,2456.0
walking,0.5798561151079137,0.6764582459085187,0.6244431532055007,9532.0
wavinghand,0.18660742621390036,0.23786407766990292,0.20914102792103859,2472.0
accuracy,0.4180393411162642,0.4180393411162642,0.4180393411162642,0.4180393411162642
macro avg,0.3018294678655321,0.2550459825674281,0.25705741299523954,18759.0
weighted avg,0.41346411712273534,0.4180393411162642,0.4003745936837398,18759.0
