,precision,recall,f1-score,support
jumping,0.8976744186046511,0.8577777777777778,0.8772727272727273,450.0
running,0.951048951048951,0.8947368421052632,0.9220338983050848,608.0
seated-breathing,0.9090909090909091,0.9624796084828712,0.9350237717908082,613.0
walking,0.9833479404031551,0.9799126637554585,0.9816272965879265,2290.0
wavinghand,0.8937125748502994,0.9328125,0.9128440366972477,640.0
accuracy,0.9478374266463813,0.9478374266463813,0.9478374266463813,0.9478374266463813
macro avg,0.9269749587995932,0.9255438784242742,0.9257603461307589,4601.0
weighted avg,0.9483387979374047,0.9478374266463813,0.9477690941583514,4601.0
