,precision,recall,f1-score,support
jumping,0.07003891050583658,0.049723756906077346,0.05815831987075929,1086.0
running,0.14267990074441686,0.06705539358600583,0.09123363744545815,1715.0
seated-breathing,0.5503048780487805,0.2261904761904762,0.3206039076376554,1596.0
walking,0.5918687417058752,0.8018960444589736,0.6810578191157076,6118.0
wavinghand,0.18966603654694392,0.18883312421580928,0.18924866394215656,1594.0
accuracy,0.4737798331819308,0.4737798331819308,0.4737798331819308,0.4737798331819308
macro avg,0.3089116935103706,0.2667397590714684,0.2680604696023474,12109.0
weighted avg,0.42302630241673467,0.4737798331819308,0.4294065214189446,12109.0
