{
    "best_epoch": 88,
    "best_val_loss": 0.1601852963775092,
    "best_val_accuracy": 0.9493588350358617,
    "experiment_id": "params_828dca1639",
    "experiment_completed": true,
    "test_accuracy": 0.9482833550630161,
    "test_f1_score": 0.9482675318629817,
    "test_cross_device_accuracy": 0.2935313051604195,
    "test_cross_device_f1_score": 0.3017130826328624,
    "test_cross_user_env_accuracy": 0.4180393411162642,
    "test_cross_user_env_f1_score": 0.4003745936837398,
    "test_instance_accuracy": 0.39414414414414417,
    "test_instance_f1_score": 0.31994295323582916,
    "test_cross_user_accuracy": 0.4737798331819308,
    "test_cross_user_f1_score": 0.4294065214189446,
    "test_cross_env_accuracy": 0.3165413533834586,
    "test_cross_env_f1_score": 0.324177404111573
}