{
    "best_val_accuracy": 0.9480547707020213,
    "best_val_loss": 0.162657785411763,
    "best_experiment_id": "params_828dca1639",
    "best_experiment_params": {
        "model": "transformer",
        "task": "ProximityRecognition",
        "task_name": "ProximityRecognition",
        "seed": 42,
        "num_classes": 4,
        "batch_size": 128,
        "learning_rate": 0.001,
        "weight_decay": 1e-05,
        "epochs": 100,
        "warmup_epochs": 5,
        "patience": 15,
        "win_len": 500,
        "feature_size": 232,
        "test_splits": [
            "test_id",
            "test_cross_device",
            "test_cross_user",
            "test_cross_env"
        ]
    },
    "best_test_accuracies": {
        "test": 0.92916123424598,
        "test_cross_device": 0.43380749662548024,
        "test_cross_user": 0.43934263770749027,
        "test_cross_env": 0.42947368421052634
    },
    "best_test_f1_scores": {
        "test": 0.9287954468981761,
        "test_cross_device": 0.45745881246384534,
        "test_cross_user": 0.47565631672339925,
        "test_cross_env": 0.42519050325519386
    },
    "timestamp": "2026-06-27 23:56:10"
}