,precision,recall,f1-score,support
001,1.0,1.0,1.0,292.0
100,1.0,1.0,1.0,59.0
101,1.0,0.9891304347826086,0.994535519125683,92.0
110,0.989010989010989,1.0,0.994475138121547,90.0
accuracy,0.99812382739212,0.99812382739212,0.99812382739212,0.99812382739212
macro avg,0.9972527472527473,0.9972826086956521,0.9972526643118075,533.0
weighted avg,0.9981444446735255,0.99812382739212,0.9981238840347132,533.0
