{
    "best_epoch": 17,
    "best_val_loss": 0.010965917084722537,
    "best_val_accuracy": 0.99812382739212,
    "experiment_id": "params_828dca1639",
    "experiment_completed": true,
    "test_accuracy": 0.9963503649635036,
    "test_f1_score": 0.9963512277613845,
    "test_medium_id_accuracy": null,
    "test_medium_id_f1_score": null,
    "test_easy_id_accuracy": null,
    "test_easy_id_f1_score": null,
    "test_hard_id_accuracy": 0.9963503649635036,
    "test_hard_id_f1_score": 0.9963512277613845
}