{
    "best_val_accuracy": 0.9792944785276073,
    "best_val_loss": 0.061408187076000466,
    "best_experiment_id": "params_828dca1639",
    "best_experiment_params": {
        "model": "lstm",
        "task": "MotionSourceRecognition",
        "task_name": "MotionSourceRecognition",
        "seed": 42,
        "num_classes": 2,
        "batch_size": 128,
        "learning_rate": 0.001,
        "weight_decay": 1e-05,
        "epochs": 100,
        "warmup_epochs": 5,
        "patience": 15,
        "win_len": 500,
        "feature_size": 232,
        "test_splits": [
            "test_easy",
            "test_id",
            "test_hard",
            "test_medium"
        ]
    },
    "best_test_accuracies": {
        "test_easy": 0.9734104046242774,
        "test": 0.9776585259007776,
        "test_hard": 0.9680638722554891,
        "test_medium": 0.9813158735228361
    },
    "best_test_f1_scores": {
        "test_easy": 0.973526144578723,
        "test": 0.9776528834189853,
        "test_hard": 0.968016594208537,
        "test_medium": 0.9812845081204972
    },
    "timestamp": "2026-06-19 02:53:05"
}