{
    "best_val_accuracy": 0.9828001752848379,
    "best_val_loss": 0.06893747048319444,
    "best_experiment_id": "params_828dca1639",
    "best_experiment_params": {
        "model": "lstm",
        "task": "MotionSourceRecognition",
        "task_name": "MotionSourceRecognition",
        "seed": 42,
        "num_classes": 4,
        "batch_size": 128,
        "learning_rate": 0.001,
        "weight_decay": 1e-05,
        "epochs": 100,
        "warmup_epochs": 5,
        "patience": 15,
        "win_len": 500,
        "feature_size": 232,
        "test_splits": [
            "test_easy",
            "test_id",
            "test_hard",
            "test_medium"
        ]
    },
    "best_test_accuracies": {
        "test_easy": 0.9757225433526011,
        "test": 0.9858723031431388,
        "test_hard": 0.9755489021956087,
        "test_medium": 0.9905780900670712
    },
    "best_test_f1_scores": {
        "test_easy": 0.9763650855660821,
        "test": 0.9858741076531554,
        "test_hard": 0.9755266988602738,
        "test_medium": 0.9905795070257888
    },
    "timestamp": "2026-06-21 08:28:46"
}