,precision,recall,f1-score,support
0.5,0.2706708268330733,0.37635574837310193,0.31488203266787657,922.0
1.5,0.6429910435325974,0.7553217518962564,0.6946444644464447,4087.0
2.5,0.13729508196721313,0.08364544319600499,0.10395655546935609,801.0
3.5,0.012658227848101266,0.0011904761904761906,0.002176278563656148,840.0
accuracy,0.5266165413533834,0.5266165413533834,0.5266165413533834,0.5266165413533834
macro avg,0.2659037950452463,0.30412835491395984,0.2789148327868333,6650.0
weighted avg,0.4508374690685658,0.5266165413533834,0.483372997779974,6650.0
