,precision,recall,f1-score,support
0.5,0.2008438818565401,0.2016949152542373,0.20126849894291754,1180.0
1.5,0.6848262615680112,0.6610483735041295,0.6727272727272727,5933.0
2.5,0.2064466615502686,0.20534351145038168,0.2058936088786835,1310.0
3.5,0.22598870056497175,0.26490066225165565,0.24390243902439024,1208.0
accuracy,0.49309521337348144,0.49309521337348144,0.49309521337348144,0.49309521337348144
macro avg,0.3295263763849479,0.33324686561510103,0.330947954893316,9631.0
weighted avg,0.5029082615914303,0.49309521337348144,0.49767859119676994,9631.0
