,precision,recall,f1-score,support
0.5,0.8850771869639794,0.9132743362831859,0.8989547038327527,565.0
1.5,0.9743218806509946,0.9549805033676001,0.9645542427497314,2821.0
2.5,0.8624813153961136,0.8836140888208269,0.8729198184568835,653.0
3.5,0.905982905982906,0.9413854351687388,0.9233449477351916,563.0
accuracy,0.9380704041720991,0.9380704041720991,0.9380704041720991,0.9380704041720991
macro avg,0.9069658222484983,0.9233135909100879,0.9149434281936397,4602.0
weighted avg,0.9391350089033339,0.9380704041720991,0.9384564914145491,4602.0
