,precision,recall,f1-score,support
0.5,0.8937728937728938,0.9224952741020794,0.9079069767441861,529.0
1.5,0.9809658089531195,0.952755905511811,0.966655088572421,2921.0
2.5,0.8173652694610778,0.9024793388429752,0.8578161822466615,605.0
3.5,0.9181818181818182,0.924908424908425,0.9215328467153284,546.0
accuracy,0.9393610084764181,0.9393610084764181,0.9393610084764181,0.9393610084764181
macro avg,0.9025714475922273,0.9256597358413226,0.9134777735696492,4601.0
weighted avg,0.9419778851356547,0.9393610084764181,0.9402343031913748,4601.0
