,precision,recall,f1-score,support
0.5,0.13548657718120805,0.20200125078173858,0.16218930454431332,1599.0
1.5,0.8533118798605525,0.4190701962333728,0.5620915032679739,7593.0
2.5,0.20183714001986097,0.5142314990512334,0.2898912462114459,1581.0
3.5,0.28302845528455284,0.41691616766467066,0.3371670702179177,1336.0
accuracy,0.40259311256090513,0.40259311256090513,0.40259311256090513,0.40259311256090513
macro avg,0.36841601308654354,0.3880547784327539,0.3378347810604127,12109.0
weighted avg,0.6105434532434958,0.40259311256090513,0.448928462164631,12109.0
