{
    "test": {
        "loss": 0.17558606445582106,
        "accuracy": 0.9380704041720991,
        "f1_score": 0.9384564914145491,
        "n_samples": 4602
    },
    "test_cross_device": {
        "loss": 3.2152166115455483,
        "accuracy": 0.49309521337348144,
        "f1_score": 0.49767859119676994,
        "n_samples": 9631
    },
    "test_cross_user": {
        "loss": 3.4204331166653543,
        "accuracy": 0.40259311256090513,
        "f1_score": 0.448928462164631,
        "n_samples": 12109
    },
    "test_cross_env": {
        "loss": 3.030387913338224,
        "accuracy": 0.5266165413533834,
        "f1_score": 0.483372997779974,
        "n_samples": 6650
    }
}