{
    "best_epoch": 91,
    "best_val_loss": 0.15195338786704154,
    "best_val_accuracy": 0.9517496196479026,
    "experiment_id": "params_828dca1639",
    "experiment_completed": true,
    "test_accuracy": 0.9380704041720991,
    "test_f1_score": 0.9384564914145491,
    "test_cross_device_accuracy": 0.49309521337348144,
    "test_cross_device_f1_score": 0.49767859119676994,
    "test_cross_user_accuracy": 0.40259311256090513,
    "test_cross_user_f1_score": 0.448928462164631,
    "test_cross_env_accuracy": 0.5266165413533834,
    "test_cross_env_f1_score": 0.483372997779974
}