{
    "best_val_accuracy": 0.9326233427515758,
    "best_val_loss": 0.17920522541585007,
    "best_experiment_id": "params_828dca1639",
    "best_experiment_params": {
        "model": "lstm",
        "task": "ProximityRecognition",
        "task_name": "ProximityRecognition",
        "seed": 42,
        "num_classes": 4,
        "batch_size": 128,
        "learning_rate": 0.001,
        "weight_decay": 1e-05,
        "epochs": 100,
        "warmup_epochs": 5,
        "patience": 15,
        "win_len": 500,
        "feature_size": 232,
        "test_splits": [
            "test_id",
            "test_cross_device",
            "test_cross_user",
            "test_cross_env"
        ]
    },
    "best_test_accuracies": {
        "test": 0.9193828770099957,
        "test_cross_device": 0.2707922334129374,
        "test_cross_user": 0.4147328433396647,
        "test_cross_env": 0.30180451127819546
    },
    "best_test_f1_scores": {
        "test": 0.9179418601442582,
        "test_cross_device": 0.2966205183394239,
        "test_cross_user": 0.45917074358500376,
        "test_cross_env": 0.31877186631765536
    },
    "timestamp": "2026-06-25 10:05:03"
}