{
    "best_epoch": 95,
    "best_val_loss": 0.17548779560460703,
    "best_val_accuracy": 0.9400130406433385,
    "experiment_id": "params_828dca1639",
    "experiment_completed": true,
    "test_accuracy": 0.9498044328552803,
    "test_f1_score": 0.9492438579072286,
    "test_cross_device_accuracy": 0.31980064375454265,
    "test_cross_device_f1_score": 0.34123437057573625,
    "test_cross_user_env_accuracy": 0.4101497947651794,
    "test_cross_user_env_f1_score": 0.40672614770796567,
    "test_instance_accuracy": 0.3783783783783784,
    "test_instance_f1_score": 0.2895052193934421,
    "test_cross_user_accuracy": 0.48443306631431166,
    "test_cross_user_f1_score": 0.44476296415205746,
    "test_cross_env_accuracy": 0.2748872180451128,
    "test_cross_env_f1_score": 0.29033990826560413
}