{
    "test": {
        "loss": 0.1567337389222659,
        "accuracy": 0.9498044328552803,
        "f1_score": 0.9492438579072286,
        "n_samples": 4602
    },
    "test_cross_device": {
        "loss": 6.10318513479006,
        "accuracy": 0.31980064375454265,
        "f1_score": 0.34123437057573625,
        "n_samples": 9631
    },
    "test_cross_user_env": {
        "loss": 5.250815142449302,
        "accuracy": 0.4101497947651794,
        "f1_score": 0.40672614770796567,
        "n_samples": 18759
    },
    "test_instance": {
        "loss": 5.628981238012916,
        "accuracy": 0.3783783783783784,
        "f1_score": 0.2895052193934421,
        "n_samples": 444
    },
    "test_cross_user": {
        "loss": 4.82192655401323,
        "accuracy": 0.48443306631431166,
        "f1_score": 0.44476296415205746,
        "n_samples": 12109
    },
    "test_cross_env": {
        "loss": 6.0317792787767,
        "accuracy": 0.2748872180451128,
        "f1_score": 0.29033990826560413,
        "n_samples": 6650
    }
}