,precision,recall,f1-score,support
jumping,0.10274291027429103,0.12723085780080598,0.11368312757201646,1737.0
running,0.07856450048496605,0.03161592505854801,0.04508767047035903,2562.0
seated-breathing,0.4281115879828326,0.16245928338762214,0.23553719008264462,2456.0
walking,0.5781919850885369,0.6508602601762484,0.6123778501628665,9532.0
wavinghand,0.22171136653895274,0.3511326860841424,0.27180209801158606,2472.0
accuracy,0.414361106668799,0.414361106668799,0.414361106668799,0.414361106668799
macro avg,0.28186447007391585,0.26465980250147336,0.25569758725989455,18759.0
weighted avg,0.39930621277376127,0.414361106668799,0.3945062102040467,18759.0
