{
    "test": {
        "loss": 0.14468130423990555,
        "accuracy": 0.9511082138200783,
        "f1_score": 0.9506456178434229,
        "n_samples": 4602
    },
    "test_cross_device": {
        "loss": 4.190290089770525,
        "accuracy": 0.3038106115668155,
        "f1_score": 0.31789384716168084,
        "n_samples": 9631
    },
    "test_cross_user_env": {
        "loss": 3.386496437927878,
        "accuracy": 0.414361106668799,
        "f1_score": 0.3945062102040467,
        "n_samples": 18759
    },
    "test_instance": {
        "loss": 4.670394493652894,
        "accuracy": 0.38063063063063063,
        "f1_score": 0.29090317168959484,
        "n_samples": 444
    },
    "test_cross_user": {
        "loss": 3.3215216233389886,
        "accuracy": 0.461062019985135,
        "f1_score": 0.4186694785090171,
        "n_samples": 12109
    },
    "test_cross_env": {
        "loss": 3.5048092930298997,
        "accuracy": 0.3293233082706767,
        "f1_score": 0.332582484504815,
        "n_samples": 6650
    }
}