,precision,recall,f1-score,support
jumping,0.8732394366197183,0.8266666666666667,0.8493150684931506,450.0
running,0.8892508143322475,0.8980263157894737,0.8936170212765957,608.0
seated-breathing,0.9416531604538088,0.9477977161500816,0.9447154471544715,613.0
walking,0.9716157205240175,0.9716157205240175,0.9716157205240175,2290.0
wavinghand,0.9296636085626911,0.95,0.9397217928902627,640.0
accuracy,0.9415344490328189,0.9415344490328189,0.9415344490328189,0.9415344490328189
macro avg,0.9210845480984966,0.918821283826048,0.9197970100676995,4601.0
weighted avg,0.9412824034842832,0.9415344490328189,0.9413265477751678,4601.0
