,precision,recall,f1-score,support
jumping,0.8997429305912596,0.7777777777777778,0.834326579261025,450.0
running,0.9118136439267887,0.9013157894736842,0.9065343258891646,608.0
seated-breathing,0.911353032659409,0.9559543230016313,0.9331210191082803,613.0
walking,0.965221124946329,0.9816593886462882,0.9733708594933969,2290.0
wavinghand,0.9327073552425665,0.93125,0.9319781078967944,640.0
accuracy,0.9406650728102587,0.9406650728102587,0.9406650728102587,0.9406650728102587
macro avg,0.9241676174732705,0.9095914557798762,0.9158661783297323,4601.0
weighted avg,0.9400598797600755,0.9406650728102587,0.9398192290404862,4601.0
