,precision,recall,f1-score,support
jumping,0.10065645514223195,0.10592976396085205,0.1032258064516129,1737.0
running,0.12202380952380952,0.1600312256049961,0.13846673421141506,2562.0
seated-breathing,0.35224839400428265,0.13395765472312704,0.19410029498525075,2456.0
walking,0.5964244623418001,0.7069869911875787,0.6470164658441745,9532.0
wavinghand,0.12406576980568013,0.06715210355987054,0.08713910761154856,2472.0
accuracy,0.41729303267764806,0.41729303267764806,0.41729303267764806,0.41729303267764806
macro avg,0.2590837781635609,0.2348115478072849,0.2339896818208004,18759.0
weighted avg,0.39151318707064636,0.41729303267764806,0.3941326376556476,18759.0
