,precision,recall,f1-score,support
jumping,0.8803827751196173,0.8518518518518519,0.8658823529411764,432.0
running,0.8642745709828393,0.909688013136289,0.8864,609.0
seated-breathing,0.953405017921147,0.9466192170818505,0.95,562.0
walking,0.9775708844688955,0.9673366834170855,0.9724268575036834,2388.0
wavinghand,0.9340836012861736,0.9509001636661211,0.9424168694241687,611.0
accuracy,0.944154715341156,0.944154715341156,0.944154715341156,0.944154715341156
macro avg,0.9219433699557346,0.9252791858306397,0.9234252159738057,4602.0
weighted avg,0.9447298012058851,0.944154715341156,0.944317866016417,4602.0
