,precision,recall,f1-score,support
jumping,0.08175779253960143,0.09211283822682786,0.08662696264212236,1737.0
running,0.11492122335495829,0.1451990632318501,0.12829798241076049,2562.0
seated-breathing,0.3453111305872042,0.16042345276872963,0.21907144842924658,2456.0
walking,0.6050324390671576,0.7239823751573646,0.6591842582863693,9532.0
wavinghand,0.12475442043222004,0.05137540453074434,0.07277936962750717,2472.0
accuracy,0.4240098086251932,0.4240098086251932,0.4240098086251932,0.4240098086251932
macro avg,0.2543554011962283,0.23461862678310333,0.2331920042792012,18759.0
weighted avg,0.3923496845831579,0.4240098086251932,0.3987667196595146,18759.0
