,precision,recall,f1-score,support
jumping,0.08163265306122448,0.058426966292134834,0.06810740013097577,890.0
running,0.13223684210526315,0.15135542168674698,0.14115168539325842,1328.0
seated-breathing,0.19509043927648578,0.2548523206751055,0.22100256128796195,1185.0
walking,0.5658482142857143,0.5174525413349663,0.540569357074315,4899.0
wavinghand,0.173582295988935,0.18886380737396538,0.1809009009009009,1329.0
accuracy,0.34690063337140487,0.34690063337140487,0.34690063337140487,0.34690063337140487
macro avg,0.22967808894352454,0.23419021147258384,0.2303463809574824,9631.0
weighted avg,0.36156443061342786,0.34690063337140487,0.3528833596770239,9631.0
