,precision,recall,f1-score,support
jumping,0.07427055702917772,0.06292134831460675,0.0681265206812652,890.0
running,0.1684554363042464,0.27183734939759036,0.2080092192451743,1328.0
seated-breathing,0.22588424437299034,0.2371308016877637,0.23137093454096336,1185.0
walking,0.5966587112171837,0.45927740355174523,0.5190311418685121,4899.0
wavinghand,0.17568353694008143,0.2272385252069225,0.19816272965879264,1329.0
accuracy,0.3374519779877479,0.3374519779877479,0.3374519779877479,0.3374519779877479
macro avg,0.24819049717273592,0.2516810856317257,0.24494010919894152,9631.0
weighted avg,0.3856294145567804,0.3374519779877479,0.3548058597991211,9631.0
