,precision,recall,f1-score,support
jumping,0.8947368421052632,0.15178571428571427,0.2595419847328244,112.0
running,0.8260869565217391,0.10106382978723404,0.18009478672985782,188.0
seated-breathing,1.0,1.0,1.0,21.0
walking,0.2711864406779661,0.9896907216494846,0.42572062084257206,97.0
wavinghand,0.9629629629629629,1.0,0.9811320754716981,26.0
accuracy,0.40315315315315314,0.40315315315315314,0.40315315315315314,0.40315315315315314
macro avg,0.7909946404535863,0.6485080531444866,0.5692978935553905,444.0
weighted avg,0.7384166574880094,0.40315315315315314,0.33948391076415146,444.0
