,precision,recall,f1-score,support
jumping,0.13257142857142856,0.10681399631675875,0.11830698623151453,1086.0
running,0.06910039113428944,0.030903790087463558,0.0427074939564867,1715.0
seated-breathing,0.40456769983686786,0.15538847117794485,0.22453598913535536,1596.0
walking,0.6058377116170461,0.8481529911735861,0.7068037866920929,6118.0
wavinghand,0.12723041117145073,0.1028858218318695,0.11377037807839056,1594.0
accuracy,0.4765050788669585,0.4765050788669585,0.4765050788669585,0.4765050788669585
macro avg,0.2678615284662166,0.24882901411752453,0.241224926818768,12109.0
weighted avg,0.39784376796134274,0.4765050788669585,0.4183384034587501,12109.0
