,precision,recall,f1-score,support
jumping,0.09365244536940687,0.08287292817679558,0.08793356130923302,1086.0
running,0.04327666151468315,0.0326530612244898,0.037221668328348285,1715.0
seated-breathing,0.39344262295081966,0.19548872180451127,0.26119715362076185,1596.0
walking,0.615623062616243,0.8115397188623733,0.7001339631953748,6118.0
wavinghand,0.12751004016064257,0.07967377666248432,0.09806949806949807,1594.0
accuracy,0.4583367743001074,0.4583367743001074,0.4583367743001074,0.4583367743001074
macro avg,0.2547009665223591,0.24044564134613083,0.2369111689046432,12109.0
weighted avg,0.3942103689405074,0.4583367743001074,0.41423272216498164,12109.0
