,precision,recall,f1-score,support
jumping,0.9315789473684211,0.8194444444444444,0.8719211822660099,432.0
running,0.8954041204437401,0.9277504105090312,0.9112903225806451,609.0
seated-breathing,0.9428076256499134,0.9679715302491103,0.9552238805970149,562.0
walking,0.9729053772405168,0.9773869346733668,0.9751410068936703,2388.0
wavinghand,0.9447154471544715,0.9509001636661211,0.9477977161500816,611.0
accuracy,0.9513255106475446,0.9513255106475446,0.9513255106475446,0.9513255106475446
macro avg,0.9374823035714126,0.9286906967084148,0.9322748216974844,4602.0
weighted avg,0.9513516469557547,0.9513255106475446,0.9509393105423373,4602.0
