,precision,recall,f1-score,support
jumping,0.8048780487804879,0.29464285714285715,0.43137254901960786,112.0
running,0.8666666666666667,0.06914893617021277,0.12807881773399016,188.0
seated-breathing,1.0,1.0,1.0,21.0
walking,0.2823529411764706,0.9896907216494846,0.43935926773455375,97.0
wavinghand,0.9629629629629629,1.0,0.9811320754716981,26.0
accuracy,0.42567567567567566,0.42567567567567566,0.42567567567567566,0.42567567567567566
macro avg,0.7833721239173176,0.6706965029925109,0.5959885419919699,444.0
weighted avg,0.7353715025403212,0.42567567567567566,0.36378339224482453,444.0
