,precision,recall,f1-score,support
jumping,0.07028112449799197,0.10752688172043011,0.08500303582270795,651.0
running,0.16263510036026763,0.3730814639905549,0.22652329749103942,847.0
seated-breathing,0.23563218390804597,0.09534883720930233,0.1357615894039735,860.0
walking,0.5794672253816223,0.5670767428236673,0.5732050333086602,3414.0
wavinghand,0.0,0.0,0.0,878.0
accuracy,0.3615037593984962,0.3615037593984962,0.3615037593984962,0.3615037593984962
macro avg,0.20960312682958557,0.22860678514879096,0.20409859120527624,6650.0
weighted avg,0.3555563500251305,0.3615037593984962,0.34900438494716945,6650.0
