{
    "best_epoch": 34,
    "best_val_loss": 0.18972915770164964,
    "best_val_accuracy": 0.9406650728102587,
    "experiment_id": "params_828dca1639",
    "experiment_completed": true,
    "test_accuracy": 0.9513255106475446,
    "test_f1_score": 0.9509393105423373,
    "test_cross_device_accuracy": 0.34690063337140487,
    "test_cross_device_f1_score": 0.3528833596770239,
    "test_cross_user_env_accuracy": 0.4240098086251932,
    "test_cross_user_env_f1_score": 0.3987667196595146,
    "test_instance_accuracy": 0.40315315315315314,
    "test_instance_f1_score": 0.33948391076415146,
    "test_cross_user_accuracy": 0.4583367743001074,
    "test_cross_user_f1_score": 0.41423272216498164,
    "test_cross_env_accuracy": 0.3615037593984962,
    "test_cross_env_f1_score": 0.34900438494716945
}