{
    "test": {
        "loss": 0.16907474285931445,
        "accuracy": 0.944154715341156,
        "f1_score": 0.944317866016417,
        "n_samples": 4602
    },
    "test_cross_device": {
        "loss": 3.3318728684710632,
        "accuracy": 0.3374519779877479,
        "f1_score": 0.3548058597991211,
        "n_samples": 9631
    },
    "test_cross_user_env": {
        "loss": 3.5503697158942833,
        "accuracy": 0.41729303267764806,
        "f1_score": 0.3941326376556476,
        "n_samples": 18759
    },
    "test_instance": {
        "loss": 4.3230482436515185,
        "accuracy": 0.42567567567567566,
        "f1_score": 0.36378339224482453,
        "n_samples": 444
    },
    "test_cross_user": {
        "loss": 2.9660149474361157,
        "accuracy": 0.4765050788669585,
        "f1_score": 0.4183384034587501,
        "n_samples": 12109
    },
    "test_cross_env": {
        "loss": 4.614422686010375,
        "accuracy": 0.3094736842105263,
        "f1_score": 0.31190872282441806,
        "n_samples": 6650
    }
}