{
    "test": {
        "loss": 0.16991146515952874,
        "accuracy": 0.9513255106475446,
        "f1_score": 0.9509393105423373,
        "n_samples": 4602
    },
    "test_cross_device": {
        "loss": 3.512837515826934,
        "accuracy": 0.34690063337140487,
        "f1_score": 0.3528833596770239,
        "n_samples": 9631
    },
    "test_cross_user_env": {
        "loss": 3.8551806854130306,
        "accuracy": 0.4240098086251932,
        "f1_score": 0.3987667196595146,
        "n_samples": 18759
    },
    "test_instance": {
        "loss": 5.688828455435263,
        "accuracy": 0.40315315315315314,
        "f1_score": 0.33948391076415146,
        "n_samples": 444
    },
    "test_cross_user": {
        "loss": 3.4939756175471293,
        "accuracy": 0.4583367743001074,
        "f1_score": 0.41423272216498164,
        "n_samples": 12109
    },
    "test_cross_env": {
        "loss": 4.51289976593247,
        "accuracy": 0.3615037593984962,
        "f1_score": 0.34900438494716945,
        "n_samples": 6650
    }
}