{
    "best_val_accuracy": 0.9852103418054339,
    "best_val_loss": 0.058340187772813,
    "best_experiment_id": "params_828dca1639",
    "best_experiment_params": {
        "model": "timesformer1d",
        "task": "MotionSourceRecognition",
        "task_name": "MotionSourceRecognition",
        "seed": 42,
        "num_classes": 4,
        "batch_size": 128,
        "learning_rate": 0.001,
        "weight_decay": 1e-05,
        "epochs": 100,
        "warmup_epochs": 5,
        "patience": 15,
        "win_len": 500,
        "feature_size": 232,
        "test_splits": [
            "test_easy",
            "test_id",
            "test_hard",
            "test_medium"
        ]
    },
    "best_test_accuracies": {
        "test_easy": 0.9734104046242774,
        "test": 0.9826963092760924,
        "test_hard": 0.9770459081836327,
        "test_medium": 0.98578728840626
    },
    "best_test_f1_scores": {
        "test_easy": 0.975576873090882,
        "test": 0.9827005717617976,
        "test_hard": 0.9770109155965786,
        "test_medium": 0.9857877342395298
    },
    "timestamp": "2026-06-25 06:03:51"
}