{
  "exp": "finetune_mae_har_ep300_mask0.75_enc6_dim128_bs128_ep50",
  "evals": {
    "epoch_10": {
      "test_id": {
        "acc": 0.8222511951325511,
        "f1": 0.8159682829564896
      },
      "test_cross_device": {
        "acc": 0.24597653410860762,
        "f1": 0.25523212905867904
      },
      "test_cross_env": {
        "acc": 0.35037593984962406,
        "f1": 0.35740715661266736
      },
      "test_cross_user": {
        "acc": 0.42976298620860515,
        "f1": 0.3942175925432102
      }
    },
    "epoch_20": {
      "test_id": {
        "acc": 0.9004780530204259,
        "f1": 0.8983816378007461
      },
      "test_cross_device": {
        "acc": 0.2495068009552487,
        "f1": 0.2638193691494258
      },
      "test_cross_env": {
        "acc": 0.32586466165413536,
        "f1": 0.34316584894832064
      },
      "test_cross_user": {
        "acc": 0.432653398298786,
        "f1": 0.40998111738427795
      }
    },
    "epoch_30": {
      "test_id": {
        "acc": 0.9230769230769231,
        "f1": 0.9212949979558096
      },
      "test_cross_device": {
        "acc": 0.24597653410860762,
        "f1": 0.2666324561974939
      },
      "test_cross_env": {
        "acc": 0.3132330827067669,
        "f1": 0.33152253703323803
      },
      "test_cross_user": {
        "acc": 0.4315798166652903,
        "f1": 0.41164841859213597
      }
    },
    "epoch_40": {
      "test_id": {
        "acc": 0.924380704041721,
        "f1": 0.9228647319844617
      },
      "test_cross_device": {
        "acc": 0.24078496521648843,
        "f1": 0.26248250972331927
      },
      "test_cross_env": {
        "acc": 0.3051127819548872,
        "f1": 0.32355990424884595
      },
      "test_cross_user": {
        "acc": 0.4315798166652903,
        "f1": 0.4127892587388224
      }
    }
  }
}