{
  "exp": "finetune_mae_har_ep300_mask0.75_strategy2d_ph29pw25_seed42_enc12_dim128_bs128_ep50",
  "evals": {
    "epoch_10": {
      "test_id": {
        "acc": 0.9137331594958713,
        "f1": 0.9130264904425801
      },
      "test_cross_device": {
        "acc": 0.29290831689336516,
        "f1": 0.30698588795167026
      },
      "test_cross_env": {
        "acc": 0.3368421052631579,
        "f1": 0.346680942024069
      },
      "test_cross_user": {
        "acc": 0.48013873978032867,
        "f1": 0.4501629488697103
      }
    },
    "epoch_20": {
      "test_id": {
        "acc": 0.954367666232073,
        "f1": 0.9541196289257522
      },
      "test_cross_device": {
        "acc": 0.3057834077458208,
        "f1": 0.32128834904767706
      },
      "test_cross_env": {
        "acc": 0.33323308270676694,
        "f1": 0.34165603350290036
      },
      "test_cross_user": {
        "acc": 0.4858369807581138,
        "f1": 0.45049192242679
      }
    },
    "epoch_30": {
      "test_id": {
        "acc": 0.9671881790525858,
        "f1": 0.9670757116280845
      },
      "test_cross_device": {
        "acc": 0.3080676980583532,
        "f1": 0.32272763112578906
      },
      "test_cross_env": {
        "acc": 0.3493233082706767,
        "f1": 0.35024502558059123
      },
      "test_cross_user": {
        "acc": 0.4839375670988521,
        "f1": 0.4402250882099951
      }
    },
    "epoch_40": {
      "test_id": {
        "acc": 0.9689265536723164,
        "f1": 0.9688387958637612
      },
      "test_cross_device": {
        "acc": 0.3022531408991797,
        "f1": 0.3175146004263042
      },
      "test_cross_env": {
        "acc": 0.343609022556391,
        "f1": 0.347095591056631
      },
      "test_cross_user": {
        "acc": 0.48104715500867123,
        "f1": 0.4399417115304172
      }
    }
  }
}