{
    "best_val_accuracy": 0.9467507063681808,
    "best_val_loss": 0.16002960510874178,
    "best_experiment_id": "params_828dca1639",
    "best_experiment_params": {
        "model": "transformer",
        "task": "HumanActivityRecognition",
        "task_name": "HumanActivityRecognition",
        "seed": 42,
        "num_classes": 5,
        "batch_size": 128,
        "learning_rate": 0.001,
        "weight_decay": 1e-05,
        "epochs": 100,
        "warmup_epochs": 5,
        "patience": 15,
        "win_len": 500,
        "feature_size": 232,
        "test_splits": [
            "test_id",
            "test_cross_device",
            "test_cross_user_env",
            "test_instance",
            "test_cross_user",
            "test_cross_env"
        ]
    },
    "best_test_accuracies": {
        "test": 0.9491525423728814,
        "test_cross_device": 0.27546464541584464,
        "test_cross_user_env": 0.4039660962737886,
        "test_instance": 0.39414414414414417,
        "test_cross_user": 0.4759269964489223,
        "test_cross_env": 0.2729323308270677
    },
    "best_test_f1_scores": {
        "test": 0.9488967741380263,
        "test_cross_device": 0.30163029596944874,
        "test_cross_user_env": 0.40727187757268085,
        "test_instance": 0.3196415123455174,
        "test_cross_user": 0.44217085901790637,
        "test_cross_env": 0.2878109597100917
    },
    "timestamp": "2026-06-29 00:01:04"
}