,precision,recall,f1-score,support
jumping,0.1241076331685887,0.2539325842696629,0.16672814459609,890.0
running,0.18045112781954886,0.018072289156626505,0.03285420944558522,1328.0
seated-breathing,0.2476340694006309,0.13248945147679325,0.1726223199560198,1185.0
walking,0.5201167076167076,0.6913655848132272,0.5936377179914119,4899.0
wavinghand,0.22598870056497175,0.09029345372460497,0.12903225806451613,1329.0
accuracy,0.40639601287509086,0.40639601287509086,0.40639601287509086,0.40639601287509086
macro avg,0.2596596477140895,0.23723067268818293,0.21897493001072457,9631.0
weighted avg,0.3625721105979909,0.40639601287509086,0.3609480780178392,9631.0
