,precision,recall,f1-score,support
jumping,0.8695652173913043,0.17857142857142858,0.2962962962962963,112.0
running,0.2553191489361702,0.06382978723404255,0.10212765957446808,188.0
seated-breathing,0.75,1.0,0.8571428571428571,21.0
walking,0.2977346278317152,0.9484536082474226,0.45320197044334976,97.0
wavinghand,0.6756756756756757,0.9615384615384616,0.7936507936507936,26.0
accuracy,0.38288288288288286,0.38288288288288286,0.38288288288288286,0.38288288288288286
macro avg,0.569658933966973,0.6304786571182711,0.500483915421553,444.0
weighted avg,0.4675430874213289,0.38288288288288286,0.3040105787232224,444.0
