,precision,recall,f1-score,support
jumping,0.13400961025093433,0.1445020149683362,0.13905817174515236,1737.0
running,0.14785992217898833,0.0741608118657299,0.0987782687808682,2562.0
seated-breathing,0.26721763085399447,0.11848534201954397,0.16417489421720732,2456.0
walking,0.5595721747782108,0.7080360889634914,0.6251099893483999,9532.0
wavinghand,0.18400652794777642,0.1824433656957929,0.18322161283770058,2472.0
accuracy,0.4228370382216536,0.4228370382216536,0.4228370382216536,0.4228370382216536
macro avg,0.2585331732019809,0.24552552470257885,0.24206858738586573,18759.0
weighted avg,0.37617060728603124,0.4228370382216536,0.3896422919419542,18759.0
