,precision,recall,f1-score,support
jumping,0.7098765432098766,0.5324074074074074,0.6084656084656085,432.0
running,0.8015717092337917,0.6699507389162561,0.7298747763864043,609.0
seated-breathing,0.7968253968253968,0.8932384341637011,0.8422818791946308,562.0
walking,0.8917299240910906,0.9346733668341709,0.9126967900224903,2388.0
wavinghand,0.7908805031446541,0.823240589198036,0.8067361668003208,611.0
accuracy,0.8420252064319861,0.8420252064319861,0.8420252064319861,0.8420252064319861
macro avg,0.7981768153009619,0.7707021073039143,0.780011044173891,4602.0
weighted avg,0.8377485347146517,0.8420252064319861,0.8372770600331483,4602.0
