,precision,recall,f1-score,support
jumping,0.12968299711815562,0.12430939226519337,0.12693935119887165,1086.0
running,0.21621621621621623,0.05597667638483965,0.0889300602130616,1715.0
seated-breathing,0.3262092238470191,0.18170426065162906,0.23340040241448692,1596.0
walking,0.5682589993208059,0.8205295848316443,0.671482075976458,6118.0
wavinghand,0.2241953385127636,0.12672521957340024,0.16192384769539078,1594.0
accuracy,0.4742753323973904,0.4742753323973904,0.4742753323973904,0.4742753323973904
macro avg,0.2929125550029921,0.26184902674134136,0.25653514749965384,12109.0
weighted avg,0.40187070727351604,0.4742753323973904,0.4153201903519134,12109.0
