,precision,recall,f1-score,support
0.5,0.9007633587786259,0.8922495274102079,0.8964862298195632,529.0
1.5,0.9665977961432507,0.9609722697706266,0.9637768240343347,2921.0
2.5,0.8985239852398524,0.8049586776859504,0.8491717523975588,605.0
3.5,0.820919175911252,0.9487179487179487,0.8802039082412915,546.0
accuracy,0.9311019343620952,0.9311019343620952,0.9311019343620952,0.9311019343620952
macro avg,0.8967010790182453,0.9017246058961834,0.897409678623187,4601.0
weighted avg,0.9327895806229043,0.9311019343620952,0.9310527195564245,4601.0
