,precision,recall,f1-score,support
0.5,0.14415376401494928,0.16885553470919323,0.15552995391705068,1599.0
1.5,0.7807108709208065,0.49466613986566577,0.6056110931957434,7593.0
2.5,0.1816114359974009,0.35357368753953194,0.23996565786649496,1581.0
3.5,0.31316574350234344,0.5501497005988024,0.3991311430898724,1336.0
accuracy,0.43934263770749027,0.43934263770749027,0.43934263770749027,0.43934263770749027
macro avg,0.354910453608875,0.3918112656782984,0.3500594620172903,12109.0
weighted avg,0.566847520455249,0.43934263770749027,0.47565631672339925,12109.0
