,precision,recall,f1-score,support
0.5,0.26020106445890007,0.3728813559322034,0.3065134099616858,1180.0
1.5,0.7038824303575345,0.5408730827574583,0.6117041555470835,5933.0
2.5,0.10941704035874439,0.09312977099236641,0.10061855670103093,1310.0
3.5,0.1796116504854369,0.33692052980132453,0.23431203223949337,1208.0
accuracy,0.43380749662548024,0.43380749662548024,0.43380749662548024,0.43380749662548024
macro avg,0.31327804641515394,0.33595118487083814,0.3132870386123234,9631.0
weighted avg,0.5029050889865142,0.43380749662548024,0.45745881246384534,9631.0
