,precision,recall,f1-score,support
0.5,0.9123434704830053,0.9026548672566371,0.9074733096085409,565.0
1.5,0.9594069890575362,0.9634881247784474,0.9614432260346657,2821.0
2.5,0.9105263157894737,0.7947932618683001,0.848732624693377,653.0
3.5,0.8265625,0.9396092362344582,0.8794679966749792,563.0
accuracy,0.92916123424598,0.92916123424598,0.92916123424598,0.92916123424598
macro avg,0.9022098188325038,0.9001363725344607,0.8992792892528907,4602.0
weighted avg,0.9304410144860352,0.92916123424598,0.9287954468981761,4602.0
