{
    "test": {
        "loss": 0.23477391646231893,
        "accuracy": 0.92916123424598,
        "f1_score": 0.9287954468981761,
        "n_samples": 4602
    },
    "test_cross_device": {
        "loss": 4.634830813484763,
        "accuracy": 0.43380749662548024,
        "f1_score": 0.45745881246384534,
        "n_samples": 9631
    },
    "test_cross_user": {
        "loss": 4.43779891423975,
        "accuracy": 0.43934263770749027,
        "f1_score": 0.47565631672339925,
        "n_samples": 12109
    },
    "test_cross_env": {
        "loss": 4.024813893253642,
        "accuracy": 0.42947368421052634,
        "f1_score": 0.42519050325519386,
        "n_samples": 6650
    }
}