{
    "best_epoch": 92,
    "best_val_loss": 0.162657785411763,
    "best_val_accuracy": 0.9480547707020213,
    "experiment_id": "params_828dca1639",
    "experiment_completed": true,
    "test_accuracy": 0.92916123424598,
    "test_f1_score": 0.9287954468981761,
    "test_cross_device_accuracy": 0.43380749662548024,
    "test_cross_device_f1_score": 0.45745881246384534,
    "test_cross_user_accuracy": 0.43934263770749027,
    "test_cross_user_f1_score": 0.47565631672339925,
    "test_cross_env_accuracy": 0.42947368421052634,
    "test_cross_env_f1_score": 0.42519050325519386
}