,precision,recall,f1-score,support
0.5,0.7019230769230769,0.5168141592920354,0.5953109072375128,565.0
1.5,0.8262388818297332,0.9220134704005671,0.8715027642821243,2821.0
2.5,0.7151277013752456,0.557427258805513,0.6265060240963856,653.0
3.5,0.6994328922495274,0.6571936056838366,0.6776556776556777,563.0
accuracy,0.788135593220339,0.788135593220339,0.788135593220339,0.788135593220339
macro avg,0.7356806380943958,0.6633621235454881,0.6927438433179252,4602.0
weighted avg,0.7796969864054183,0.788135593220339,0.7791152848509678,4602.0
