,precision,recall,f1-score,support
0.5,0.10913705583756345,0.18220338983050846,0.1365079365079365,1180.0
1.5,0.6401553529213103,0.6389684813753582,0.6395613665120202,5933.0
2.5,0.185121107266436,0.0816793893129771,0.11334745762711865,1310.0
3.5,0.15676141257536608,0.15066225165562913,0.15365132967496833,1208.0
accuracy,0.44595576783303914,0.44595576783303914,0.44595576783303914,0.44595576783303914
macro avg,0.27279373215016894,0.26337837804361824,0.26076702258051093,9631.0
weighted avg,0.45256981327801193,0.44595576783303914,0.44540472726965713,9631.0
