,precision,recall,f1-score,support
0.5,0.17463479415670652,0.28524945770065074,0.21663920922570015,922.0
1.5,0.6285301999587714,0.7460239784683141,0.6822555381517118,4087.0
2.5,0.09554140127388536,0.018726591760299626,0.031315240083507306,801.0
3.5,0.08823529411764706,0.014285714285714285,0.02459016393442623,840.0
accuracy,0.5021052631578947,0.5021052631578947,0.5021052631578947,0.5021052631578947
macro avg,0.24673542237675258,0.2660714355537447,0.23870003784883637,6650.0
weighted avg,0.433152258183938,0.5021052631578947,0.45621939554044344,6650.0
