,precision,recall,f1-score,support
0.5,0.6531645569620254,0.4877126654064272,0.5584415584415584,529.0
1.5,0.845886075949367,0.9150975693255734,0.8791317217562901,2921.0
2.5,0.6957403651115619,0.5669421487603306,0.6247723132969034,605.0
3.5,0.6690777576853526,0.6776556776556777,0.6733393994540491,546.0
accuracy,0.7920017387524452,0.7920017387524452,0.7920017387524452,0.7920017387524452
macro avg,0.7159671889270767,0.6618520152870022,0.6839212482372001,4601.0
weighted avg,0.7830029678482308,0.7920017387524452,0.7843925027846652,4601.0
