,precision,recall,f1-score,support
0.5,0.12275449101796407,0.07692307692307693,0.09457900807381776,1599.0
1.5,0.7858006564173432,0.5991044382984327,0.6798684800478254,7593.0
2.5,0.1710019267822736,0.22454142947501582,0.19414820891441073,1581.0
3.5,0.2378161628624306,0.5770958083832335,0.33682830930537355,1336.0
accuracy,0.47881740853910315,0.47881740853910315,0.47881740853910315,0.47881740853910315
macro avg,0.3293433092700029,0.3694161882699397,0.3263560015853569,12109.0
weighted avg,0.5575146795888672,0.47881740853910315,0.5013150666808849,12109.0
