{
    "test": {
        "loss": 0.5656874308841014,
        "accuracy": 0.788135593220339,
        "f1_score": 0.7791152848509678,
        "n_samples": 4602
    },
    "test_cross_device": {
        "loss": 2.0826521002606384,
        "accuracy": 0.44595576783303914,
        "f1_score": 0.44540472726965713,
        "n_samples": 9631
    },
    "test_cross_user": {
        "loss": 1.8297037401233749,
        "accuracy": 0.47881740853910315,
        "f1_score": 0.5013150666808849,
        "n_samples": 12109
    },
    "test_cross_env": {
        "loss": 2.4544776615791752,
        "accuracy": 0.5021052631578947,
        "f1_score": 0.45621939554044344,
        "n_samples": 6650
    }
}