{
    "best_epoch": 51,
    "best_val_loss": 0.553036900466744,
    "best_val_accuracy": 0.7920017387524452,
    "experiment_id": "params_828dca1639",
    "experiment_completed": true,
    "test_accuracy": 0.788135593220339,
    "test_f1_score": 0.7791152848509678,
    "test_cross_device_accuracy": 0.44595576783303914,
    "test_cross_device_f1_score": 0.44540472726965713,
    "test_cross_user_accuracy": 0.47881740853910315,
    "test_cross_user_f1_score": 0.5013150666808849,
    "test_cross_env_accuracy": 0.5021052631578947,
    "test_cross_env_f1_score": 0.45621939554044344
}