,precision,recall,f1-score,support
U01,0.0,0.0,0.0,0.0
U03,0.0,0.0,0.0,0.0
U04,0.0,0.0,0.0,0.0
U05,1.0,0.15233082706766918,0.26438731567271306,6650.0
U06,0.0,0.0,0.0,0.0
U22,0.0,0.0,0.0,0.0
accuracy,0.15233082706766918,0.15233082706766918,0.15233082706766918,0.15233082706766918
macro avg,0.16666666666666666,0.025388471177944863,0.04406455261211884,6650.0
weighted avg,1.0,0.15233082706766918,0.26438731567271306,6650.0
