,precision,recall,f1-score,support
0,0.0,0.0,0.0,0.0
2,0.0,0.0,0.0,0.0
3,0.0,0.0,0.0,0.0
4,1.0,0.15233082706766918,0.26438731567271306,6650.0
5,0.0,0.0,0.0,0.0
6,0.0,0.0,0.0,0.0
accuracy,0.15233082706766918,0.15233082706766918,0.15233082706766918,0.15233082706766918
macro avg,0.16666666666666666,0.025388471177944863,0.04406455261211884,6650.0
weighted avg,1.0,0.15233082706766918,0.26438731567271306,6650.0
