{
    "test": {
        "loss": 0.0015205896409279075,
        "accuracy": 0.9997827031725337,
        "f1_score": 0.9997826950955312,
        "n_samples": 4602
    },
    "test_cross_device": {
        "loss": 7.75178868803934,
        "accuracy": 0.26393936247534006,
        "f1_score": 0.21366917778871525,
        "n_samples": 9631
    },
    "test_cross_user": {
        "loss": 13.469304808401551,
        "accuracy": 0.0,
        "f1_score": 0.0,
        "n_samples": 12109
    },
    "test_cross_env": {
        "loss": 9.161749337275225,
        "accuracy": 0.15233082706766918,
        "f1_score": 0.26438731567271306,
        "n_samples": 6650
    }
}