{
    "best_val_accuracy": 0.9432732014779396,
    "best_val_loss": 0.15975795058265144,
    "best_experiment_id": "params_828dca1639",
    "best_experiment_params": {
        "model": "lstm",
        "task": "HumanActivityRecognition",
        "task_name": "HumanActivityRecognition",
        "seed": 42,
        "num_classes": 5,
        "batch_size": 128,
        "learning_rate": 0.001,
        "weight_decay": 1e-05,
        "epochs": 100,
        "warmup_epochs": 5,
        "patience": 15,
        "win_len": 500,
        "feature_size": 232,
        "test_splits": [
            "test_id",
            "test_cross_device",
            "test_cross_user_env",
            "test_instance",
            "test_cross_user",
            "test_cross_env"
        ]
    },
    "best_test_accuracies": {
        "test": 0.9443720121686223,
        "test_cross_device": 0.23071332156577717,
        "test_cross_user_env": 0.3330134868596407,
        "test_instance": 0.39414414414414417,
        "test_cross_user": 0.4111817656288711,
        "test_cross_env": 0.1906766917293233
    },
    "best_test_f1_scores": {
        "test": 0.9442665403869196,
        "test_cross_device": 0.2569753620200394,
        "test_cross_user_env": 0.34834787162831443,
        "test_instance": 0.31999960368790686,
        "test_cross_user": 0.39828393873056467,
        "test_cross_env": 0.20457194130575995
    },
    "timestamp": "2026-06-20 07:20:09"
}