{
    "best_val_accuracy": 0.9446680080482898,
    "best_val_loss": 0.14208420928215357,
    "best_experiment_id": "params_828dca1639",
    "best_experiment_params": {
        "model": "resnet18",
        "task": "FallDetection",
        "task_name": "FallDetection",
        "seed": 42,
        "num_classes": 2,
        "batch_size": 128,
        "learning_rate": 0.001,
        "weight_decay": 1e-05,
        "epochs": 100,
        "warmup_epochs": 5,
        "patience": 15,
        "win_len": 500,
        "feature_size": 232,
        "test_splits": [
            "test_easy",
            "test_id",
            "test_hard",
            "test_medium"
        ]
    },
    "best_test_accuracies": {
        "test_easy": 0.9766407119021134,
        "test": 0.9563451776649746,
        "test_hard": 0.7101449275362319,
        "test_medium": 0.8823529411764706
    },
    "best_test_f1_scores": {
        "test_easy": 0.9767200563912619,
        "test": 0.9563865746757373,
        "test_hard": 0.708315034401991,
        "test_medium": 0.8823529411764706
    },
    "timestamp": "2026-06-18 23:05:32"
}