,precision,recall,f1-score,support
0.5,0.10451612903225807,0.15196998123827393,0.12385321100917432,1599.0
1.5,0.7555237315875614,0.4863690241011458,0.591779504847368,7593.0
2.5,0.19638739431206764,0.32321315623023406,0.24432225675352617,1581.0
3.5,0.31386224934612034,0.5389221556886228,0.39669421487603307,1336.0
accuracy,0.42670740771327115,0.42670740771327115,0.42670740771327115,0.42670740771327115
macro avg,0.3425723760695018,0.37511857931456916,0.3391622968715254,12109.0
weighted avg,0.5478257015278496,0.42670740771327115,0.463100175382892,12109.0
