,precision,recall,f1-score,support
0.5,0.20578420467185762,0.3135593220338983,0.24848891873740767,1180.0
1.5,0.6228239845261122,0.5969998314512052,0.6096385542168675,5933.0
2.5,0.11610486891385768,0.07099236641221374,0.08810990052108006,1310.0
3.5,0.1382899628252788,0.15397350993377484,0.14571092831962398,1208.0
accuracy,0.43515730453743123,0.43515730453743123,0.43515730453743123,0.43515730453743123
macro avg,0.27075075523427655,0.283881257457773,0.2729870754487448,9631.0
weighted avg,0.4420300815155545,0.43515730453743123,0.43626261420117707,9631.0
