,precision,recall,f1-score,support
0.5,0.9421965317919075,0.8654867256637168,0.9022140221402214,565.0
1.5,0.9433962264150944,0.9748316199929103,0.9588563458856346,2821.0
2.5,0.9358288770053476,0.8039816232771823,0.8649093904448105,653.0
3.5,0.8698517298187809,0.9378330373001776,0.9025641025641026,563.0
accuracy,0.9326379834854411,0.9326379834854411,0.9326379834854411,0.9326379834854411
macro avg,0.9228183412577826,0.8955332515584967,0.9071359652586922,4602.0
weighted avg,0.9331778739139234,0.9326379834854411,0.9316849404512497,4602.0
