,precision,recall,f1-score,support
0.5,0.9528688524590164,0.8790170132325141,0.9144542772861357,529.0
1.5,0.9554737194509542,0.9770626497774735,0.96614759647935,2921.0
2.5,0.911070780399274,0.8297520661157025,0.8685121107266436,605.0
3.5,0.8765217391304347,0.9230769230769231,0.8991971454058876,546.0
accuracy,0.9400130406433385,0.9400130406433385,0.9400130406433385,0.9400130406433385
macro avg,0.9239837728599198,0.9022271630506533,0.9120777824745041,4601.0
weighted avg,0.9399663223590164,0.9400130406433385,0.9394207586137321,4601.0
