{
    "test": {
        "loss": 0.18470361108354566,
        "accuracy": 0.9326379834854411,
        "f1_score": 0.9316849404512497,
        "n_samples": 4602
    },
    "test_cross_device": {
        "loss": 3.3129580329831714,
        "accuracy": 0.43515730453743123,
        "f1_score": 0.43626261420117707,
        "n_samples": 9631
    },
    "test_cross_user": {
        "loss": 3.0625365608079838,
        "accuracy": 0.42670740771327115,
        "f1_score": 0.463100175382892,
        "n_samples": 12109
    },
    "test_cross_env": {
        "loss": 3.143794246723777,
        "accuracy": 0.4818045112781955,
        "f1_score": 0.45756983486620867,
        "n_samples": 6650
    }
}