{
    "best_epoch": 66,
    "best_val_loss": 0.17858213547376725,
    "best_val_accuracy": 0.9400130406433385,
    "experiment_id": "params_828dca1639",
    "experiment_completed": true,
    "test_accuracy": 0.9326379834854411,
    "test_f1_score": 0.9316849404512497,
    "test_cross_device_accuracy": 0.43515730453743123,
    "test_cross_device_f1_score": 0.43626261420117707,
    "test_cross_user_accuracy": 0.42670740771327115,
    "test_cross_user_f1_score": 0.463100175382892,
    "test_cross_env_accuracy": 0.4818045112781955,
    "test_cross_env_f1_score": 0.45756983486620867
}