{
    "best_val_accuracy": 0.9517496196479026,
    "best_val_loss": 0.15195338786704154,
    "best_experiment_id": "params_828dca1639",
    "best_experiment_params": {
        "model": "timesformer1d",
        "task": "ProximityRecognition",
        "task_name": "ProximityRecognition",
        "seed": 42,
        "num_classes": 4,
        "batch_size": 128,
        "learning_rate": 0.001,
        "weight_decay": 1e-05,
        "epochs": 100,
        "warmup_epochs": 5,
        "patience": 15,
        "win_len": 500,
        "feature_size": 232,
        "test_splits": [
            "test_id",
            "test_cross_device",
            "test_cross_user",
            "test_cross_env"
        ]
    },
    "best_test_accuracies": {
        "test": 0.9380704041720991,
        "test_cross_device": 0.49309521337348144,
        "test_cross_user": 0.40259311256090513,
        "test_cross_env": 0.5266165413533834
    },
    "best_test_f1_scores": {
        "test": 0.9384564914145491,
        "test_cross_device": 0.49767859119676994,
        "test_cross_user": 0.448928462164631,
        "test_cross_env": 0.483372997779974
    },
    "timestamp": "2026-06-27 11:49:40"
}