,precision,recall,f1-score,support
U01,0.0,0.0,0.0,0.0
U03,0.0,0.0,0.0,0.0
U04,0.0,0.0,0.0,0.0
U05,1.0,0.22330827067669173,0.36508912108174557,6650.0
U06,0.0,0.0,0.0,0.0
U22,0.0,0.0,0.0,0.0
accuracy,0.22330827067669173,0.22330827067669173,0.22330827067669173,0.22330827067669173
macro avg,0.16666666666666666,0.037218045112781956,0.06084818684695759,6650.0
weighted avg,1.0,0.22330827067669173,0.36508912108174557,6650.0
