,precision,recall,f1-score,support
U01,0.0,0.0,0.0,0.0
U03,0.0,0.0,0.0,0.0
U04,0.0,0.0,0.0,0.0
U05,1.0,0.2231578947368421,0.3648881239242685,6650.0
U06,0.0,0.0,0.0,0.0
U22,0.0,0.0,0.0,0.0
accuracy,0.2231578947368421,0.2231578947368421,0.2231578947368421,0.2231578947368421
macro avg,0.16666666666666666,0.037192982456140354,0.060814687320711415,6650.0
weighted avg,1.0,0.2231578947368421,0.36488812392426856,6650.0
