{
    "test": {
        "loss": 2.857260528433472e-06,
        "accuracy": 1.0,
        "f1_score": 1.0,
        "n_samples": 4602
    },
    "test_cross_device": {
        "loss": 5.232896217811196,
        "accuracy": 0.2402658083272765,
        "f1_score": 0.19585811559083263,
        "n_samples": 9631
    },
    "test_cross_user": {
        "loss": 11.076909662779578,
        "accuracy": 0.0,
        "f1_score": 0.0,
        "n_samples": 12109
    },
    "test_cross_env": {
        "loss": 5.5207486877584815,
        "accuracy": 0.2231578947368421,
        "f1_score": 0.36488812392426856,
        "n_samples": 6650
    }
}