{
    "test": {
        "loss": 2.911124186868239e-06,
        "accuracy": 1.0,
        "f1_score": 1.0,
        "n_samples": 4602
    },
    "test_cross_device": {
        "loss": 5.233694542383878,
        "accuracy": 0.24057730246080367,
        "f1_score": 0.19619422242935383,
        "n_samples": 9631
    },
    "test_cross_user": {
        "loss": 11.07491885949268,
        "accuracy": 0.0,
        "f1_score": 0.0,
        "n_samples": 12109
    },
    "test_cross_env": {
        "loss": 5.515957433299015,
        "accuracy": 0.22330827067669173,
        "f1_score": 0.36508912108174557,
        "n_samples": 6650
    }
}