{
    "best_val_accuracy": 0.9517102615694165,
    "best_val_loss": 0.1212135248740674,
    "best_experiment_id": "params_828dca1639",
    "best_experiment_params": {
        "model": "timesformer1d",
        "task": "FallDetection",
        "task_name": "FallDetection",
        "seed": 42,
        "num_classes": 2,
        "batch_size": 128,
        "learning_rate": 0.001,
        "weight_decay": 1e-05,
        "epochs": 100,
        "warmup_epochs": 5,
        "patience": 15,
        "win_len": 500,
        "feature_size": 232,
        "test_splits": [
            "test_easy",
            "test_id",
            "test_hard",
            "test_medium"
        ]
    },
    "best_test_accuracies": {
        "test_easy": 0.9799777530589544,
        "test": 0.9543147208121827,
        "test_hard": 0.6956521739130435,
        "test_medium": 0.6470588235294118
    },
    "best_test_f1_scores": {
        "test_easy": 0.9800155897899224,
        "test": 0.954390834672837,
        "test_hard": 0.6891185294537835,
        "test_medium": 0.606951871657754
    },
    "timestamp": "2026-06-18 23:32:16"
}