{
    "best_val_accuracy": 0.9400130406433385,
    "best_val_loss": 0.17548779560460703,
    "best_experiment_id": "params_828dca1639",
    "best_experiment_params": {
        "model": "transformer",
        "task": "HumanActivityRecognition",
        "task_name": "HumanActivityRecognition",
        "seed": 42,
        "num_classes": 5,
        "batch_size": 128,
        "learning_rate": 0.001,
        "weight_decay": 1e-05,
        "epochs": 100,
        "warmup_epochs": 5,
        "patience": 15,
        "win_len": 500,
        "feature_size": 232,
        "test_splits": [
            "test_id",
            "test_cross_device",
            "test_cross_user_env",
            "test_instance",
            "test_cross_user",
            "test_cross_env"
        ]
    },
    "best_test_accuracies": {
        "test": 0.9498044328552803,
        "test_cross_device": 0.31980064375454265,
        "test_cross_user_env": 0.4101497947651794,
        "test_instance": 0.3783783783783784,
        "test_cross_user": 0.48443306631431166,
        "test_cross_env": 0.2748872180451128
    },
    "best_test_f1_scores": {
        "test": 0.9492438579072286,
        "test_cross_device": 0.34123437057573625,
        "test_cross_user_env": 0.40672614770796567,
        "test_instance": 0.2895052193934421,
        "test_cross_user": 0.44476296415205746,
        "test_cross_env": 0.29033990826560413
    },
    "timestamp": "2026-06-26 02:51:44"
}