{
    "best_val_accuracy": 0.9913453111305872,
    "best_val_loss": 0.026546947496082822,
    "best_experiment_id": "params_828dca1639",
    "best_experiment_params": {
        "model": "mlp",
        "task": "MotionSourceRecognition",
        "task_name": "MotionSourceRecognition",
        "seed": 42,
        "num_classes": 4,
        "batch_size": 128,
        "learning_rate": 0.001,
        "weight_decay": 1e-05,
        "epochs": 100,
        "warmup_epochs": 5,
        "patience": 15,
        "win_len": 500,
        "feature_size": 232,
        "test_splits": [
            "test_easy",
            "test_id",
            "test_hard",
            "test_medium"
        ]
    },
    "best_test_accuracies": {
        "test_easy": 0.9861271676300578,
        "test": 0.9852152009637498,
        "test_hard": 0.9780439121756487,
        "test_medium": 0.9873842222931971
    },
    "best_test_f1_scores": {
        "test_easy": 0.9872800870372643,
        "test": 0.9852238288653142,
        "test_hard": 0.9780607248380415,
        "test_medium": 0.987400151780266
    },
    "timestamp": "2026-06-20 16:36:10"
}