{
    "best_epoch": 63,
    "best_val_loss": 7.334439551202596e-06,
    "best_val_accuracy": 1.0,
    "experiment_id": "params_828dca1639",
    "experiment_completed": true,
    "test_accuracy": 1.0,
    "test_f1_score": 1.0,
    "test_cross_device_accuracy": 0.2467033537535043,
    "test_cross_device_f1_score": 0.20871747984437028,
    "test_cross_user_accuracy": 0.0,
    "test_cross_user_f1_score": 0.0,
    "test_cross_env_accuracy": 0.256390977443609,
    "test_cross_env_f1_score": 0.40813883901855175
}