{
    "test": {
        "loss": 0.44099038489638903,
        "accuracy": 0.8352890047805303,
        "f1_score": 0.8255121908792588,
        "n_samples": 4602
    },
    "test_cross_device": {
        "loss": 2.427403604621618,
        "accuracy": 0.30121482712075587,
        "f1_score": 0.31581752888385,
        "n_samples": 9631
    },
    "test_cross_user_env": {
        "loss": 2.182735554037893,
        "accuracy": 0.43248574017804786,
        "f1_score": 0.3979074809317247,
        "n_samples": 18759
    },
    "test_instance": {
        "loss": 3.012465300860706,
        "accuracy": 0.35135135135135137,
        "f1_score": 0.26237797443816574,
        "n_samples": 444
    },
    "test_cross_user": {
        "loss": 2.0148588023401133,
        "accuracy": 0.46841192501445206,
        "f1_score": 0.41297447178227514,
        "n_samples": 12109
    },
    "test_cross_env": {
        "loss": 2.488422704710996,
        "accuracy": 0.3670676691729323,
        "f1_score": 0.35234813269189236,
        "n_samples": 6650
    }
}