{
    "best_epoch": 25,
    "best_val_loss": 0.46364892433322374,
    "best_val_accuracy": 0.8291675722668985,
    "experiment_id": "params_0b99895d45",
    "experiment_completed": true,
    "test_accuracy": 0.8352890047805303,
    "test_f1_score": 0.8255121908792588,
    "test_cross_device_accuracy": 0.30121482712075587,
    "test_cross_device_f1_score": 0.31581752888385,
    "test_cross_user_env_accuracy": 0.43248574017804786,
    "test_cross_user_env_f1_score": 0.3979074809317247,
    "test_instance_accuracy": 0.35135135135135137,
    "test_instance_f1_score": 0.26237797443816574,
    "test_cross_user_accuracy": 0.46841192501445206,
    "test_cross_user_f1_score": 0.41297447178227514,
    "test_cross_env_accuracy": 0.3670676691729323,
    "test_cross_env_f1_score": 0.35234813269189236
}