{
    "best_val_accuracy": 0.9519669637035427,
    "best_val_loss": 0.1569536360087174,
    "best_experiment_id": "params_828dca1639",
    "best_experiment_params": {
        "model": "timesformer1d",
        "task": "HumanActivityRecognition",
        "task_name": "HumanActivityRecognition",
        "seed": 42,
        "num_classes": 5,
        "batch_size": 128,
        "learning_rate": 0.001,
        "weight_decay": 1e-05,
        "epochs": 100,
        "warmup_epochs": 5,
        "patience": 15,
        "win_len": 500,
        "feature_size": 232,
        "test_splits": [
            "test_id",
            "test_cross_device",
            "test_cross_user_env",
            "test_instance",
            "test_cross_user",
            "test_cross_env"
        ]
    },
    "best_test_accuracies": {
        "test": 0.9504563233376793,
        "test_cross_device": 0.31263627868341815,
        "test_cross_user_env": 0.4217175755637294,
        "test_instance": 0.4797297297297297,
        "test_cross_user": 0.4838549838962755,
        "test_cross_env": 0.30857142857142855
    },
    "best_test_f1_scores": {
        "test": 0.9501548465924508,
        "test_cross_device": 0.3293024530446265,
        "test_cross_user_env": 0.40422092692270445,
        "test_instance": 0.43640494751605863,
        "test_cross_user": 0.4378350815015401,
        "test_cross_env": 0.32098425014066406
    },
    "timestamp": "2026-06-25 17:59:21"
}