,precision,recall,f1-score,support
Fall,0.603448275862069,0.9210526315789473,0.7291666666666666,38.0
Nonfall,0.7272727272727273,0.25806451612903225,0.38095238095238093,31.0
accuracy,0.6231884057971014,0.6231884057971014,0.6231884057971014,0.6231884057971014
macro avg,0.6653605015673981,0.5895585738539898,0.5550595238095237,69.0
weighted avg,0.6590795511335241,0.6231884057971014,0.5727225672877846,69.0
