,precision,recall,f1-score,support
Fall,0.8895966029723992,0.9544419134396356,0.9208791208791208,439.0
Nonfall,0.9617590822179732,0.9063063063063063,0.9332096474953617,555.0
accuracy,0.9275653923541247,0.9275653923541247,0.9275653923541247,0.9275653923541247
macro avg,0.9256778425951862,0.930374109872971,0.9270443841872413,994.0
weighted avg,0.9298885305189722,0.9275653923541247,0.9277638716557945,994.0
