,precision,recall,f1-score,support
Fall,0.9583333333333334,0.9745762711864406,0.9663865546218487,354.0
Nonfall,0.9833024118738405,0.9724770642201835,0.977859778597786,545.0
accuracy,0.9733036707452726,0.9733036707452726,0.9733036707452726,0.9733036707452726
macro avg,0.970817872603587,0.9735266677033121,0.9721231666098173,899.0
weighted avg,0.9734703164307487,0.9733036707452726,0.9733419573658818,899.0
