,precision,recall,f1-score,support
Fall,0.9061032863849765,0.9625935162094763,0.9334945586457074,401.0
Nonfall,0.9731663685152058,0.9315068493150684,0.9518810148731408,584.0
accuracy,0.9441624365482234,0.9441624365482234,0.9441624365482234,0.9441624365482234
macro avg,0.9396348274500912,0.9470501827622724,0.9426877867594241,985.0
weighted avg,0.9458645452317317,0.9441624365482234,0.944395767211008,985.0
