{
    "test_easy": {
        "loss": 0.08061470148941964,
        "accuracy": 0.9733036707452726,
        "f1_score": 0.9733419573658818,
        "n_samples": 915
    },
    "test": {
        "loss": 0.13139474408578147,
        "accuracy": 0.9441624365482234,
        "f1_score": 0.944395767211008,
        "n_samples": 1005
    },
    "test_hard": {
        "loss": 0.5763084888458252,
        "accuracy": 0.6231884057971014,
        "f1_score": 0.5727225672877846,
        "n_samples": 73
    },
    "test_medium": {
        "loss": 1.0109362602233887,
        "accuracy": 0.7058823529411765,
        "f1_score": 0.7058823529411765,
        "n_samples": 17
    }
}