{
    "best_epoch": 33,
    "best_val_loss": 0.1519942870682154,
    "best_val_accuracy": 0.9275653923541247,
    "experiment_id": "params_828dca1639",
    "experiment_completed": true,
    "test_easy_accuracy": 0.9733036707452726,
    "test_easy_f1_score": 0.9733419573658818,
    "test_accuracy": 0.9441624365482234,
    "test_f1_score": 0.944395767211008,
    "test_hard_accuracy": 0.6231884057971014,
    "test_hard_f1_score": 0.5727225672877846,
    "test_medium_accuracy": 0.7058823529411765,
    "test_medium_f1_score": 0.7058823529411765
}