,precision,recall,f1-score,support
jumping,0.9038901601830663,0.9143518518518519,0.9090909090909091,432.0
running,0.923202614379085,0.9277504105090312,0.9254709254709255,609.0
seated-breathing,0.9507042253521126,0.9608540925266904,0.9557522123893806,562.0
walking,0.9849309334449561,0.9853433835845896,0.9851371153443584,2388.0
wavinghand,0.959731543624161,0.9361702127659575,0.947804473902237,611.0
accuracy,0.9615384615384616,0.9615384615384616,0.9615384615384616,0.9615384615384616
macro avg,0.9444918953966763,0.9448939902476241,0.9446511272395621,4602.0
weighted avg,0.9616292390753481,0.9615384615384616,0.9615575347019758,4602.0
