,precision,recall,f1-score,support
jumping,0.0890909090909091,0.1101123595505618,0.09849246231155778,890.0
running,0.05195530726256983,0.07003012048192771,0.05965362411802438,1328.0
seated-breathing,0.34210526315789475,0.24135021097046414,0.2830282038594755,1185.0
walking,0.5137614678899083,0.4800979791794244,0.49635960747071856,4899.0
wavinghand,0.24566691785983422,0.24529721595184348,0.24548192771084337,1329.0
accuracy,0.3275879970927214,0.3275879970927214,0.3275879970927214,0.3275879970927214
macro avg,0.24851597305222323,0.22937757722684426,0.2366031650941239,9631.0
weighted avg,0.35272464531264536,0.3275879970927214,0.3385087659418817,9631.0
