,precision,recall,f1-score,support
jumping,0.8,0.10714285714285714,0.1889763779527559,112.0
running,0.46153846153846156,0.09574468085106383,0.15859030837004406,188.0
seated-breathing,1.0,1.0,1.0,21.0
walking,0.2819767441860465,1.0,0.4399092970521542,97.0
wavinghand,1.0,0.9615384615384616,0.9803921568627451,26.0
accuracy,0.38963963963963966,0.38963963963963966,0.38963963963963966,0.38963963963963966
macro avg,0.7087030411449016,0.6328851999064765,0.5535736280475398,444.0
weighted avg,0.5646868805299039,0.38963963963963966,0.31563452747019655,444.0
