,precision,recall,f1-score,support
jumping,0.9084821428571429,0.9044444444444445,0.9064587973273942,450.0
running,0.9201954397394136,0.9292763157894737,0.9247135842880524,608.0
seated-breathing,0.9639344262295082,0.9592169657422512,0.9615699100572364,613.0
walking,0.9787049109083007,0.9834061135371179,0.9810498802003921,2290.0
wavinghand,0.9729299363057324,0.9546875,0.9637223974763407,640.0
accuracy,0.9613127580960661,0.9613127580960661,0.9613127580960661,0.9613127580960661
macro avg,0.9488493712080196,0.9462062679026575,0.9475029138698832,4601.0
weighted avg,0.9613338405002485,0.9613127580960661,0.9613043323089121,4601.0
