,precision,recall,f1-score,support
jumping,0.1322314049586777,0.08839779005524862,0.10596026490066225,1086.0
running,0.15165081141578063,0.15801749271137025,0.15476870359794404,1715.0
seated-breathing,0.4853801169590643,0.20802005012531327,0.2912280701754386,1596.0
walking,0.6043928923988154,0.8005884275907159,0.6887920123751934,6118.0
wavinghand,0.21658415841584158,0.10978670012547051,0.14571190674437967,1594.0
accuracy,0.47667024527211166,0.47667024527211166,0.47667024527211166,0.47667024527211166
macro avg,0.3180478768296359,0.2729620921216237,0.2772921915587236,12109.0
weighted avg,0.43118853565452625,0.47667024527211166,0.43699690192539165,12109.0
