,precision,recall,f1-score,support
jumping,0.0917686318131257,0.09499136442141623,0.09335219236209336,1737.0
running,0.11917280056081318,0.1327088212334114,0.12557710064635272,2562.0
seated-breathing,0.44400396432111,0.18241042345276873,0.2585858585858586,2456.0
walking,0.5867555555555556,0.6925094418799832,0.6352612838032913,9532.0
wavinghand,0.19524067063277448,0.14603559870550162,0.16709095116871095,2472.0
accuracy,0.42193080654619114,0.42193080654619114,0.42193080654619114,0.42193080654619114
macro avg,0.2873883245766758,0.24973112993861618,0.25597347731326137,18759.0
weighted avg,0.40677997005323435,0.42193080654619114,0.4044633267859591,18759.0
