{
    "best_epoch": 81,
    "best_val_loss": 0.1242082337882241,
    "best_val_accuracy": 0.9613127580960661,
    "experiment_id": "params_828dca1639",
    "experiment_completed": true,
    "test_accuracy": 0.9615384615384616,
    "test_f1_score": 0.9615575347019758,
    "test_cross_device_accuracy": 0.3275879970927214,
    "test_cross_device_f1_score": 0.3385087659418817,
    "test_cross_user_env_accuracy": 0.42193080654619114,
    "test_cross_user_env_f1_score": 0.4044633267859591,
    "test_instance_accuracy": 0.38963963963963966,
    "test_instance_f1_score": 0.31563452747019655,
    "test_cross_user_accuracy": 0.47667024527211166,
    "test_cross_user_f1_score": 0.43699690192539165,
    "test_cross_env_accuracy": 0.32225563909774435,
    "test_cross_env_f1_score": 0.3344943723745047
}