{
    "test": {
        "loss": 0.1195369391730043,
        "accuracy": 0.9615384615384616,
        "f1_score": 0.9615575347019758,
        "n_samples": 4602
    },
    "test_cross_device": {
        "loss": 3.263733444871369,
        "accuracy": 0.3275879970927214,
        "f1_score": 0.3385087659418817,
        "n_samples": 9631
    },
    "test_cross_user_env": {
        "loss": 3.523823934051711,
        "accuracy": 0.42193080654619114,
        "f1_score": 0.4044633267859591,
        "n_samples": 18759
    },
    "test_instance": {
        "loss": 4.371596787426923,
        "accuracy": 0.38963963963963966,
        "f1_score": 0.31563452747019655,
        "n_samples": 444
    },
    "test_cross_user": {
        "loss": 3.057278472586552,
        "accuracy": 0.47667024527211166,
        "f1_score": 0.43699690192539165,
        "n_samples": 12109
    },
    "test_cross_env": {
        "loss": 4.373357629092564,
        "accuracy": 0.32225563909774435,
        "f1_score": 0.3344943723745047,
        "n_samples": 6650
    }
}