,precision,recall,f1-score,support
0.5,0.13449717236292108,0.4635593220338983,0.20850009529254812,1180.0
1.5,0.6999031945788964,0.24372155739086465,0.36154519314914363,5933.0
2.5,0.17230662983425415,0.38091603053435114,0.23728007608178792,1310.0
3.5,0.19269102990033224,0.09602649006622517,0.1281767955801105,1208.0
accuracy,0.2707922334129374,0.2707922334129374,0.2707922334129374,0.2707922334129374
macro avg,0.29984950666910093,0.2960558500063348,0.23387554002589755,9631.0
weighted avg,0.4952470943855584,0.2707922334129374,0.2966205183394239,9631.0
