,precision,recall,f1-score,support
0.5,0.981941309255079,0.7699115044247787,0.8630952380952381,565.0
1.5,0.9255390835579514,0.9737681673165545,0.9490412851960615,2821.0
2.5,0.8610223642172524,0.8254211332312404,0.8428459734167318,653.0
3.5,0.9026548672566371,0.9058614564831261,0.9042553191489362,563.0
accuracy,0.9193828770099957,0.9193828770099957,0.9193828770099957,0.9193828770099957
macro avg,0.9177894060717301,0.868740565363925,0.8898094539642419,4602.0
weighted avg,0.920509536841689,0.9193828770099957,0.9179418601442582,4602.0
