,precision,recall,f1-score,support
0.5,0.9568345323741008,0.7542533081285444,0.8435517970401691,529.0
1.5,0.9308770785784154,0.9774049982882574,0.9535738142952572,2921.0
2.5,0.8788927335640139,0.8396694214876033,0.8588334742180896,605.0
3.5,0.9202226345083488,0.9084249084249084,0.9142857142857143,546.0
accuracy,0.9254509889154532,0.9254509889154532,0.9254509889154532,0.9254509889154532
macro avg,0.9217067447562197,0.8699381590823284,0.8925611999598075,4601.0
weighted avg,0.9257615901763177,0.9254509889154532,0.9238040130607781,4601.0
