,precision,recall,f1-score,support
0.5,0.08969935929029078,0.11382113821138211,0.10033076074972437,1599.0
1.5,0.8155737704918032,0.4455419465296984,0.576271186440678,7593.0
2.5,0.18779877077168222,0.5218216318785579,0.2761968530297958,1581.0
3.5,0.4106562703053931,0.47305389221556887,0.43965217391304345,1336.0
accuracy,0.4147328433396647,0.4147328433396647,0.4147328433396647,0.4147328433396647
macro avg,0.37593204271479236,0.38855965220880184,0.3481127435333104,12109.0
weighted avg,0.5930818026730094,0.4147328433396647,0.45917074358500376,12109.0
