{
    "test": {
        "loss": 0.23287661228553982,
        "accuracy": 0.9193828770099957,
        "f1_score": 0.9179418601442582,
        "n_samples": 4602
    },
    "test_cross_device": {
        "loss": 4.690165848613664,
        "accuracy": 0.2707922334129374,
        "f1_score": 0.2966205183394239,
        "n_samples": 9631
    },
    "test_cross_user": {
        "loss": 3.600693428847423,
        "accuracy": 0.4147328433396647,
        "f1_score": 0.45917074358500376,
        "n_samples": 12109
    },
    "test_cross_env": {
        "loss": 4.331651127445967,
        "accuracy": 0.30180451127819546,
        "f1_score": 0.31877186631765536,
        "n_samples": 6650
    }
}