{
    "best_epoch": 91,
    "best_val_loss": 0.17920522541585007,
    "best_val_accuracy": 0.9326233427515758,
    "experiment_id": "params_828dca1639",
    "experiment_completed": true,
    "test_accuracy": 0.9193828770099957,
    "test_f1_score": 0.9179418601442582,
    "test_cross_device_accuracy": 0.2707922334129374,
    "test_cross_device_f1_score": 0.2966205183394239,
    "test_cross_user_accuracy": 0.4147328433396647,
    "test_cross_user_f1_score": 0.45917074358500376,
    "test_cross_env_accuracy": 0.30180451127819546,
    "test_cross_env_f1_score": 0.31877186631765536
}