,precision,recall,f1-score,support
Fall,0.9012605042016807,0.9772209567198178,0.9377049180327869,439.0
Nonfall,0.9806949806949807,0.9153153153153153,0.9468779123951537,555.0
accuracy,0.9426559356136821,0.9426559356136821,0.9426559356136821,0.9426559356136821
macro avg,0.9409777424483308,0.9462681360175665,0.9422914152139703,994.0
weighted avg,0.9456127521431108,0.9426559356136821,0.9428266603578509,994.0
