,precision,recall,f1-score,support
Fall,0.5588235294117647,1.0,0.7169811320754716,38.0
Nonfall,1.0,0.03225806451612903,0.0625,31.0
accuracy,0.5652173913043478,0.5652173913043478,0.5652173913043478,0.5652173913043478
macro avg,0.7794117647058824,0.5161290322580645,0.3897405660377358,69.0
weighted avg,0.7570332480818415,0.5652173913043478,0.4229388843314192,69.0
