,precision,recall,f1-score,support
Fall,0.8919540229885058,0.9675810473815462,0.9282296650717703,401.0
Nonfall,0.9763636363636363,0.9195205479452054,0.9470899470899471,584.0
accuracy,0.9390862944162437,0.9390862944162437,0.9390862944162437,0.9390862944162437
macro avg,0.934158829676071,0.9435507976633758,0.9376598060808587,985.0
weighted avg,0.9419999257408673,0.9390862944162437,0.9394118018216334,985.0
