,precision,recall,f1-score,support
Fall,0.9585635359116023,0.980225988700565,0.9692737430167597,354.0
Nonfall,0.9869646182495344,0.9724770642201835,0.9796672828096118,545.0
accuracy,0.9755283648498332,0.9755283648498332,0.9755283648498332,0.9755283648498332
macro avg,0.9727640770805683,0.9763515264603743,0.9744705129131858,899.0
weighted avg,0.9757810997315944,0.9755283648498332,0.9755746097432384,899.0
