{
    "test_easy": {
        "loss": 0.0734196402406003,
        "accuracy": 0.9755283648498332,
        "f1_score": 0.9755746097432384,
        "n_samples": 915
    },
    "test": {
        "loss": 0.12219495828532931,
        "accuracy": 0.9390862944162437,
        "f1_score": 0.9394118018216334,
        "n_samples": 1005
    },
    "test_hard": {
        "loss": 0.5952668190002441,
        "accuracy": 0.5652173913043478,
        "f1_score": 0.4229388843314192,
        "n_samples": 73
    },
    "test_medium": {
        "loss": 0.7814332842826843,
        "accuracy": 0.5294117647058824,
        "f1_score": 0.5092436974789916,
        "n_samples": 17
    }
}