{
    "best_val_accuracy": 0.9493588350358617,
    "best_val_loss": 0.1601852963775092,
    "best_experiment_id": "params_828dca1639",
    "best_experiment_params": {
        "model": "patchtst",
        "task": "HumanActivityRecognition",
        "task_name": "HumanActivityRecognition",
        "seed": 42,
        "num_classes": 5,
        "batch_size": 128,
        "learning_rate": 0.001,
        "weight_decay": 1e-05,
        "epochs": 100,
        "warmup_epochs": 5,
        "patience": 15,
        "win_len": 500,
        "feature_size": 232,
        "test_splits": [
            "test_id",
            "test_cross_device",
            "test_cross_user_env",
            "test_instance",
            "test_cross_user",
            "test_cross_env"
        ]
    },
    "best_test_accuracies": {
        "test": 0.9482833550630161,
        "test_cross_device": 0.2935313051604195,
        "test_cross_user_env": 0.4180393411162642,
        "test_instance": 0.39414414414414417,
        "test_cross_user": 0.4737798331819308,
        "test_cross_env": 0.3165413533834586
    },
    "best_test_f1_scores": {
        "test": 0.9482675318629817,
        "test_cross_device": 0.3017130826328624,
        "test_cross_user_env": 0.4003745936837398,
        "test_instance": 0.31994295323582916,
        "test_cross_user": 0.4294065214189446,
        "test_cross_env": 0.324177404111573
    },
    "timestamp": "2026-06-21 16:14:03"
}