{
    "best_val_accuracy": 0.9534883720930233,
    "best_val_loss": 0.1401525671761649,
    "best_experiment_id": "params_828dca1639",
    "best_experiment_params": {
        "model": "timesformer1d",
        "task": "HumanActivityRecognition",
        "task_name": "HumanActivityRecognition",
        "seed": 42,
        "num_classes": 5,
        "batch_size": 128,
        "learning_rate": 0.001,
        "weight_decay": 1e-05,
        "epochs": 100,
        "warmup_epochs": 5,
        "patience": 15,
        "win_len": 500,
        "feature_size": 232,
        "test_splits": [
            "test_id",
            "test_cross_device",
            "test_cross_user_env",
            "test_instance",
            "test_cross_user",
            "test_cross_env"
        ]
    },
    "best_test_accuracies": {
        "test": 0.9511082138200783,
        "test_cross_device": 0.3038106115668155,
        "test_cross_user_env": 0.414361106668799,
        "test_instance": 0.38063063063063063,
        "test_cross_user": 0.461062019985135,
        "test_cross_env": 0.3293233082706767
    },
    "best_test_f1_scores": {
        "test": 0.9506456178434229,
        "test_cross_device": 0.31789384716168084,
        "test_cross_user_env": 0.3945062102040467,
        "test_instance": 0.29090317168959484,
        "test_cross_user": 0.4186694785090171,
        "test_cross_env": 0.332582484504815
    },
    "timestamp": "2026-06-29 03:06:15"
}