{
    "best_val_accuracy": 0.9275653923541247,
    "best_val_loss": 0.1519942870682154,
    "best_experiment_id": "params_828dca1639",
    "best_experiment_params": {
        "model": "patchtst",
        "task": "FallDetection",
        "task_name": "FallDetection",
        "seed": 42,
        "num_classes": 2,
        "batch_size": 128,
        "learning_rate": 0.001,
        "weight_decay": 1e-05,
        "epochs": 100,
        "warmup_epochs": 5,
        "patience": 15,
        "win_len": 500,
        "feature_size": 232,
        "test_splits": [
            "test_easy",
            "test_id",
            "test_hard",
            "test_medium"
        ]
    },
    "best_test_accuracies": {
        "test_easy": 0.9733036707452726,
        "test": 0.9441624365482234,
        "test_hard": 0.6231884057971014,
        "test_medium": 0.7058823529411765
    },
    "best_test_f1_scores": {
        "test_easy": 0.9733419573658818,
        "test": 0.944395767211008,
        "test_hard": 0.5727225672877846,
        "test_medium": 0.7058823529411765
    },
    "timestamp": "2026-06-18 23:21:27"
}