,precision,recall,f1-score,support
jumping,0.7619047619047619,0.14285714285714285,0.24060150375939848,112.0
running,0.42105263157894735,0.0851063829787234,0.1415929203539823,188.0
seated-breathing,1.0,1.0,1.0,21.0
walking,0.2874251497005988,0.9896907216494846,0.44547563805104406,97.0
wavinghand,0.8666666666666667,1.0,0.9285714285714286,26.0
accuracy,0.39414414414414417,0.39414414414414417,0.39414414414414417,0.39414414414414417
macro avg,0.6674098419701949,0.6435308494970702,0.5512482981471707,444.0
weighted avg,0.5313171191992496,0.39414414414414417,0.3196415123455174,444.0
