,precision,recall,f1-score,support
jumping,0.9316939890710383,0.7893518518518519,0.8546365914786967,432.0
running,0.9020866773675762,0.922824302134647,0.9123376623376623,609.0
seated-breathing,0.9543057996485061,0.9661921708185054,0.9602122015915119,562.0
walking,0.9872773536895675,0.9748743718592965,0.9810366624525917,2388.0
wavinghand,0.8658892128279884,0.972176759410802,0.9159599074787972,611.0
accuracy,0.9491525423728814,0.9491525423728814,0.9491525423728814,0.9491525423728814
macro avg,0.9282506065209354,0.9250838912150204,0.924836605067852,4602.0
weighted avg,0.9506429984455869,0.9491525423728814,0.9488967741380263,4602.0
