,precision,recall,f1-score,support
jumping,0.12105263157894737,0.38863287250384027,0.1846041590660343,651.0
running,0.1349112426035503,0.269185360094451,0.17973985021679148,847.0
seated-breathing,0.09090909090909091,0.004651162790697674,0.008849557522123894,860.0
walking,0.5724751439037153,0.32044522554188637,0.4108920187793427,3414.0
wavinghand,0.25792349726775954,0.26879271070615035,0.2632459564974902,878.0
accuracy,0.2729323308270677,0.2729323308270677,0.2729323308270677,0.2729323308270677
macro avg,0.2354543212526127,0.25034146632740517,0.20946630841635652,6650.0
weighted avg,0.36874343995688674,0.2729323308270677,0.2878109597100917,6650.0
