,precision,recall,f1-score,support
jumping,0.07283763277693475,0.04419889502762431,0.05501432664756447,1086.0
running,0.14980544747081712,0.08979591836734693,0.11228581844695588,1715.0
seated-breathing,0.40505226480836237,0.29135338345864664,0.3389212827988338,1596.0
walking,0.617148814177743,0.7741091860084995,0.6867749419953596,6118.0
wavinghand,0.225,0.2258469259723965,0.22542266750156542,1594.0
accuracy,0.4759269964489223,0.4759269964489223,0.4759269964489223,0.4759269964489223
macro avg,0.2939688318467715,0.28506086176690276,0.2836838074780558,12109.0
weighted avg,0.4225656843159452,0.4759269964489223,0.44217085901790637,12109.0
