,precision,recall,f1-score,support
jumping,0.9220055710306406,0.7355555555555555,0.8182941903584673,450.0
running,0.8954983922829582,0.9161184210526315,0.9056910569105691,608.0
seated-breathing,0.9376996805111821,0.9575856443719413,0.9475383373688459,613.0
walking,0.9789750328515112,0.9759825327510917,0.9774764924557183,2290.0
wavinghand,0.869198312236287,0.965625,0.9148778682457439,640.0
accuracy,0.9406650728102587,0.9406650728102587,0.9406650728102587,0.9406650728102587
macro avg,0.9206753977825158,0.910173430746244,0.9127755890678688,4601.0
weighted avg,0.941602951246765,0.9406650728102587,0.9397253971899391,4601.0
