,precision,recall,f1-score,support
jumping,0.10949436158603128,0.1732872769142199,0.13419527418635754,1737.0
running,0.14054451802796172,0.14910226385636222,0.14469696969696969,2562.0
seated-breathing,0.3934563758389262,0.19096091205211727,0.2571271929824561,2456.0
walking,0.6082420448617631,0.6116240033571129,0.609928336035989,9532.0
wavinghand,0.23697813121272365,0.24110032362459546,0.2390214557850411,2472.0
accuracy,0.4039660962737886,0.4039660962737886,0.4039660962737886,0.4039660962737886
macro avg,0.2977430863054812,0.2732149559608815,0.27699384573736274,18759.0
weighted avg,0.4211401851006533,0.4039660962737886,0.40727187757268085,18759.0
