,precision,recall,f1-score,support
jumping,0.07458563535911603,0.12134831460674157,0.09238665526090675,890.0
running,0.2021630615640599,0.18298192771084337,0.19209486166007905,1328.0
seated-breathing,0.18847768027470432,0.41687763713080167,0.25959012086179717,1185.0
walking,0.6367614879649891,0.2969993876301286,0.40506681514476617,4899.0
wavinghand,0.17012048192771084,0.2656132430398796,0.20740305522914218,1329.0
accuracy,0.27546464541584464,0.27546464541584464,0.27546464541584464,0.27546464541584464
macro avg,0.25442166941811606,0.25676410202367894,0.23130830163133828,9631.0
weighted avg,0.40533531952804686,0.27546464541584464,0.30163029596944874,9631.0
