{
    "test": {
        "loss": 0.16667175958048827,
        "accuracy": 0.9491525423728814,
        "f1_score": 0.9488967741380263,
        "n_samples": 4602
    },
    "test_cross_device": {
        "loss": 7.013806788080418,
        "accuracy": 0.27546464541584464,
        "f1_score": 0.30163029596944874,
        "n_samples": 9631
    },
    "test_cross_user_env": {
        "loss": 5.446814266255342,
        "accuracy": 0.4039660962737886,
        "f1_score": 0.40727187757268085,
        "n_samples": 18759
    },
    "test_instance": {
        "loss": 5.117905316052136,
        "accuracy": 0.39414414414414417,
        "f1_score": 0.3196415123455174,
        "n_samples": 444
    },
    "test_cross_user": {
        "loss": 4.816533984515952,
        "accuracy": 0.4759269964489223,
        "f1_score": 0.44217085901790637,
        "n_samples": 12109
    },
    "test_cross_env": {
        "loss": 6.594493045520065,
        "accuracy": 0.2729323308270677,
        "f1_score": 0.2878109597100917,
        "n_samples": 6650
    }
}