{
    "best_epoch": 86,
    "best_val_loss": 0.16002960510874178,
    "best_val_accuracy": 0.9467507063681808,
    "experiment_id": "params_828dca1639",
    "experiment_completed": true,
    "test_accuracy": 0.9491525423728814,
    "test_f1_score": 0.9488967741380263,
    "test_cross_device_accuracy": 0.27546464541584464,
    "test_cross_device_f1_score": 0.30163029596944874,
    "test_cross_user_env_accuracy": 0.4039660962737886,
    "test_cross_user_env_f1_score": 0.40727187757268085,
    "test_instance_accuracy": 0.39414414414414417,
    "test_instance_f1_score": 0.3196415123455174,
    "test_cross_user_accuracy": 0.4759269964489223,
    "test_cross_user_f1_score": 0.44217085901790637,
    "test_cross_env_accuracy": 0.2729323308270677,
    "test_cross_env_f1_score": 0.2878109597100917
}