{
    "best_val_accuracy": 0.9925503943908852,
    "best_val_loss": 0.0335231123200197,
    "best_experiment_id": "params_828dca1639",
    "best_experiment_params": {
        "model": "transformer",
        "task": "MotionSourceRecognition",
        "task_name": "MotionSourceRecognition",
        "seed": 42,
        "num_classes": 2,
        "batch_size": 128,
        "learning_rate": 0.001,
        "weight_decay": 1e-05,
        "epochs": 100,
        "warmup_epochs": 5,
        "patience": 15,
        "win_len": 500,
        "feature_size": 232,
        "test_splits": [
            "test_easy",
            "test_id",
            "test_hard",
            "test_medium"
        ]
    },
    "best_test_accuracies": {
        "test_easy": 0.9953757225433526,
        "test": 0.9908005694885554,
        "test_hard": 0.9865269461077845,
        "test_medium": 0.9915362503992334
    },
    "best_test_f1_scores": {
        "test_easy": 0.9953797360073741,
        "test": 0.9907990961490616,
        "test_hard": 0.9865237817880994,
        "test_medium": 0.9915317124389108
    },
    "timestamp": "2026-06-19 07:20:38"
}