,precision,recall,f1-score,support
jumping,0.9209183673469388,0.8022222222222222,0.8574821852731591,450.0
running,0.9253731343283582,0.9177631578947368,0.921552436003303,608.0
seated-breathing,0.9361702127659575,0.933115823817292,0.934640522875817,613.0
walking,0.9597116200169635,0.9882096069868995,0.9737521514629949,2290.0
wavinghand,0.9324960753532182,0.928125,0.9303054032889585,640.0
accuracy,0.9450119539230603,0.9450119539230603,0.9450119539230603,0.9450119539230603
macro avg,0.9349338819622872,0.91388716218423,0.9235465397808464,4601.0
weighted avg,0.944457633007651,0.9450119539230603,0.9442280786657243,4601.0
