,precision,recall,f1-score,support
jumping,0.11737629459148446,0.09392265193370165,0.10434782608695652,1086.0
running,0.07365439093484419,0.060641399416909623,0.06651742884553885,1715.0
seated-breathing,0.39914163090128757,0.17481203007518797,0.24313725490196078,1596.0
walking,0.6324981932064563,0.8582870219025825,0.7282940360610264,6118.0
wavinghand,0.2551390568319226,0.13237139272271017,0.17430813713341595,1594.0
accuracy,0.49112230572301596,0.49112230572301596,0.49112230572301596,0.49112230572301596
macro avg,0.29556191329319903,0.26400689921021836,0.2633209366057797,12109.0
weighted avg,0.42671843933646453,0.49112230572301596,0.44173724268197934,12109.0
