,precision,recall,f1-score,support
jumping,0.9224598930481284,0.7986111111111112,0.8560794044665012,432.0
running,0.8904761904761904,0.9211822660098522,0.9055690072639225,609.0
seated-breathing,0.9409660107334525,0.9359430604982206,0.9384478144513827,562.0
walking,0.9695473251028807,0.9865996649916248,0.9779991697799917,2388.0
wavinghand,0.9343185550082101,0.9312602291325696,0.9327868852459016,611.0
accuracy,0.9467622772707518,0.9467622772707518,0.9467622772707518,0.9467622772707518
macro avg,0.9315535948737723,0.9147192663486757,0.92217645624154,4602.0
weighted avg,0.9464957021479111,0.9467622772707518,0.9461365285082138,4602.0
