,precision,recall,f1-score,support
jumping,0.08315565031982942,0.1752808988764045,0.11279826464208242,890.0
running,0.09227348526959422,0.125,0.10617204988807163,1328.0
seated-breathing,0.19659863945578232,0.2438818565400844,0.2177024482109228,1185.0
walking,0.6566455696202531,0.4235558277199428,0.5149522273234892,4899.0
wavinghand,0.11010558069381599,0.10985703536493605,0.10998116760828625,1329.0
accuracy,0.2940504620496314,0.2940504620496314,0.2940504620496314,0.2940504620496314
macro avg,0.227755785071855,0.21551512370027356,0.21232123153457047,9631.0
weighted avg,0.39380688062397184,0.2940504620496314,0.32896690606603074,9631.0
