,precision,recall,f1-score,support
jumping,0.7777777777777778,0.0625,0.11570247933884298,112.0
running,0.26666666666666666,0.10638297872340426,0.1520912547528517,188.0
seated-breathing,1.0,1.0,1.0,21.0
walking,0.3035143769968051,0.979381443298969,0.4634146341463415,97.0
wavinghand,0.9615384615384616,0.9615384615384616,0.9615384615384616,26.0
accuracy,0.3783783783783784,0.3783783783783784,0.3783783783783784,0.3783783783783784
macro avg,0.6618994565959422,0.621960576712167,0.5385493659552996,444.0
weighted avg,0.479021033813366,0.3783783783783784,0.2984302997560398,444.0
