,precision,recall,f1-score,support
jumping,0.09942716857610474,0.13989637305699482,0.11624013393924898,1737.0
running,0.08720159151193634,0.10265417642466823,0.09429903191107925,2562.0
seated-breathing,0.3674698795180723,0.1490228013029316,0.21205098493626884,2456.0
walking,0.607582061950994,0.6893621485522451,0.6458937435494176,9532.0
wavinghand,0.20228494623655913,0.12176375404530744,0.15202020202020203,2472.0
accuracy,0.4128151820459513,0.4128151820459513,0.4128151820459513,0.4128151820459513
macro avg,0.2727931295587333,0.2405398506764294,0.24410081927124333,18759.0
weighted avg,0.40461336398423736,0.4128151820459513,0.399635031415274,18759.0
