{
    "test": {
        "loss": 0.1439838949906624,
        "accuracy": 0.9467622772707518,
        "f1_score": 0.9461365285082138,
        "n_samples": 4602
    },
    "test_cross_device": {
        "loss": 3.0767324161163163,
        "accuracy": 0.2940504620496314,
        "f1_score": 0.32896690606603074,
        "n_samples": 9631
    },
    "test_cross_user_env": {
        "loss": 3.2472882760639314,
        "accuracy": 0.4128151820459513,
        "f1_score": 0.399635031415274,
        "n_samples": 18759
    },
    "test_instance": {
        "loss": 4.108840083216761,
        "accuracy": 0.3783783783783784,
        "f1_score": 0.2984302997560398,
        "n_samples": 444
    },
    "test_cross_user": {
        "loss": 2.8729846202841838,
        "accuracy": 0.49112230572301596,
        "f1_score": 0.44173724268197934,
        "n_samples": 12109
    },
    "test_cross_env": {
        "loss": 3.92885860150918,
        "accuracy": 0.2702255639097744,
        "f1_score": 0.29248870846891145,
        "n_samples": 6650
    }
}