,precision,recall,f1-score,support
Fall,0.9315673289183223,0.9612756264236902,0.9461883408071748,439.0
Nonfall,0.9685767097966729,0.9441441441441442,0.9562043795620438,555.0
accuracy,0.9517102615694165,0.9517102615694165,0.9517102615694165,0.9517102615694165
macro avg,0.9500720193574976,0.9527098852839172,0.9511963601846094,994.0
weighted avg,0.952231520455027,0.9517102615694165,0.9517807970536057,994.0
