,precision,recall,f1-score,support
Fall,0.6888888888888889,0.8157894736842105,0.7469879518072289,38.0
Nonfall,0.7083333333333334,0.5483870967741935,0.6181818181818182,31.0
accuracy,0.6956521739130435,0.6956521739130435,0.6956521739130435,0.6956521739130435
macro avg,0.6986111111111111,0.6820882852292021,0.6825848849945235,69.0
weighted avg,0.6976247987117553,0.6956521739130435,0.6891185294537835,69.0
