,precision,recall,f1-score,support
Fall,0.9341463414634147,0.9551122194513716,0.9445129469790382,401.0
Nonfall,0.9686956521739131,0.9537671232876712,0.9611734253666955,584.0
accuracy,0.9543147208121827,0.9543147208121827,0.9543147208121827,0.9543147208121827
macro avg,0.9514209968186639,0.9544396713695213,0.9528431861728668,985.0
weighted avg,0.954630399793294,0.9543147208121827,0.954390834672837,985.0
