,precision,recall,f1-score,support
Fall,0.9640883977900553,0.9858757062146892,0.9748603351955307,354.0
Nonfall,0.9906890130353817,0.9761467889908257,0.9833641404805915,545.0
accuracy,0.9799777530589544,0.9799777530589544,0.9799777530589544,0.9799777530589544
macro avg,0.9773887054127185,0.9810112476027575,0.9791122378380611,899.0
weighted avg,0.9802144659866101,0.9799777530589544,0.9800155897899224,899.0
