{
    "test_easy": {
        "loss": 0.06050129872265047,
        "accuracy": 0.9799777530589544,
        "f1_score": 0.9800155897899224,
        "n_samples": 915
    },
    "test": {
        "loss": 0.11670850822465674,
        "accuracy": 0.9543147208121827,
        "f1_score": 0.954390834672837,
        "n_samples": 1005
    },
    "test_hard": {
        "loss": 0.5601821541786194,
        "accuracy": 0.6956521739130435,
        "f1_score": 0.6891185294537835,
        "n_samples": 73
    },
    "test_medium": {
        "loss": 1.2890968322753906,
        "accuracy": 0.6470588235294118,
        "f1_score": 0.606951871657754,
        "n_samples": 17
    }
}