,precision,recall,f1-score,support
0,0.9914941876949248,0.9988574692944873,0.9951622083096187,3501.0
1,0.9985374771480804,0.9891343716044911,0.9938136826783115,2761.0
accuracy,0.9945704247844139,0.9945704247844139,0.9945704247844139,0.9945704247844139
macro avg,0.9950158324215026,0.9939959204494893,0.994487945493965,6262.0
weighted avg,0.9945996687201824,0.9945704247844139,0.9945676252262524,6262.0
