,precision,recall,f1-score,support
Nonhuman,0.9943693693693694,0.969264544456641,0.9816564758198999,911.0
Human,0.974910394265233,0.9954254345837146,0.9850611136260752,1093.0
accuracy,0.9835329341317365,0.9835329341317365,0.9835329341317365,0.9835329341317365
macro avg,0.9846398818173012,0.9823449895201778,0.9833587947229876,2004.0
weighted avg,0.983756265682333,0.9835329341317365,0.9835133965395354,2004.0
