,precision,recall,f1-score,support
Nonhuman,0.9923247828721471,0.9919240864122754,0.992124394184168,4953.0
Human,0.9904237491022265,0.9908982035928143,0.9906609195402298,4175.0
accuracy,0.9914548641542507,0.9914548641542507,0.9914548641542507,0.9914548641542507
macro avg,0.9913742659871868,0.9914111450025449,0.9913926568621989,9128.0
weighted avg,0.9914552806822459,0.9914548641542507,0.9914550244823229,9128.0
