,precision,recall,f1-score,support
Fan,1.0,1.0,1.0,60.0
Human,0.9917883211678832,0.9945105215004575,0.9931475559616263,1093.0
IRobot,0.9949748743718593,0.9705882352941176,0.9826302729528535,204.0
Pet,0.987673343605547,0.990726429675425,0.9891975308641975,647.0
accuracy,0.9910179640718563,0.9910179640718563,0.9910179640718563,0.9910179640718563
macro avg,0.9936091347863224,0.9889562966175001,0.9912438399446694,2004.0
weighted avg,0.9910300213179364,0.9910179640718563,0.9910068147792293,2004.0
