,precision,recall,f1-score,support
Fan,0.9960629921259843,1.0,0.9980276134122288,253.0
Human,0.9956730769230769,0.9920958083832335,0.9938812237552489,4175.0
IRobot,0.9780907668231612,0.9952229299363057,0.9865824782951855,628.0
Pet,0.9950920245398773,0.9958251473477406,0.9954584509635449,4072.0
accuracy,0.994193689745837,0.994193689745837,0.994193689745837,0.994193689745837
macro avg,0.9912297151030249,0.99578597141682,0.993487441606552,9128.0
weighted avg,0.9942150261451628,0.994193689745837,0.9941976012340478,9128.0
