,precision,recall,f1-score,support
Fan,1.0,1.0,1.0,224.0
Human,0.9949868703747912,0.9909652876842606,0.9929720071471114,4206.0
IRobot,0.9877112135176651,0.9877112135176651,0.9877112135176651,651.0
Pet,0.9916400295057782,0.9958024691358025,0.9937168904767771,4050.0
accuracy,0.9931004271164166,0.9931004271164166,0.9931004271164166,0.9931004271164166
macro avg,0.9935845283495587,0.993619742584432,0.9936000277853884,9131.0
weighted avg,0.9931066582296323,0.9931004271164166,0.9930997337084325,9131.0
