,precision,recall,f1-score,support
Nonhuman,0.9979959919839679,0.9707602339181286,0.9841897233201581,513.0
Human,0.9590163934426229,0.9971590909090909,0.9777158774373259,352.0
accuracy,0.9815028901734104,0.9815028901734104,0.9815028901734104,0.9815028901734104
macro avg,0.9785061927132954,0.9839596624136098,0.980952800378742,865.0
weighted avg,0.9821337738492241,0.9815028901734104,0.9815552796776645,865.0
