,precision,recall,f1-score,support
Nonhuman,0.9926739926739927,0.9904568527918781,0.9915641833519666,4925.0
Human,0.9888546359971544,0.9914407988587732,0.990146028730856,4206.0
accuracy,0.9909100865184536,0.9909100865184536,0.9909100865184536,0.9909100865184536
macro avg,0.9907643143355735,0.9909488258253256,0.9908551060414112,9131.0
weighted avg,0.9909146876490466,0.9909100865184536,0.9909109407349049,9131.0
