{
    "best_epoch": 76,
    "best_val_loss": 0.021719969542223452,
    "best_val_accuracy": 0.994193689745837,
    "experiment_id": "params_828dca1639",
    "experiment_completed": true,
    "test_easy_accuracy": 0.9907514450867052,
    "test_easy_f1_score": 0.9907622070246813,
    "test_accuracy": 0.9931004271164166,
    "test_f1_score": 0.9930997337084325,
    "test_hard_accuracy": 0.9910179640718563,
    "test_hard_f1_score": 0.9910068147792293,
    "test_medium_accuracy": 0.9940913446183328,
    "test_medium_f1_score": 0.9940896833751157
}