{
    "test_easy": {
        "loss": 0.02564150496973788,
        "accuracy": 0.9907514450867052,
        "f1_score": 0.9907622070246813,
        "n_samples": 865
    },
    "test": {
        "loss": 0.02341137977611794,
        "accuracy": 0.9931004271164166,
        "f1_score": 0.9930997337084325,
        "n_samples": 9131
    },
    "test_hard": {
        "loss": 0.027595496140215954,
        "accuracy": 0.9910179640718563,
        "f1_score": 0.9910068147792293,
        "n_samples": 2004
    },
    "test_medium": {
        "loss": 0.021764298191389853,
        "accuracy": 0.9940913446183328,
        "f1_score": 0.9940896833751157,
        "n_samples": 6262
    }
}