{
    "test_easy": {
        "loss": 0.05183463887797031,
        "accuracy": 0.9815028901734104,
        "f1_score": 0.9815552796776645,
        "n_samples": 865
    },
    "test": {
        "loss": 0.029859124478893755,
        "accuracy": 0.9909100865184536,
        "f1_score": 0.9909109407349049,
        "n_samples": 9131
    },
    "test_hard": {
        "loss": 0.05753954007762471,
        "accuracy": 0.9835329341317365,
        "f1_score": 0.9835133965395354,
        "n_samples": 2004
    },
    "test_medium": {
        "loss": 0.01796510273216489,
        "accuracy": 0.9945704247844139,
        "f1_score": 0.9945676252262524,
        "n_samples": 6262
    }
}