{
    "test": {
        "loss": 0.24420126216378435,
        "accuracy": 0.9363320295523685,
        "f1_score": 0.9367596149951731,
        "n_samples": 4602
    },
    "test_cross_device": {
        "loss": 4.760521234571005,
        "accuracy": 0.3187623299761188,
        "f1_score": 0.32004763111770856,
        "n_samples": 9631
    },
    "test_cross_user_env": {
        "loss": 3.6771940298214036,
        "accuracy": 0.4370168985553601,
        "f1_score": 0.4132213539183697,
        "n_samples": 18759
    },
    "test_instance": {
        "loss": 4.700475761482307,
        "accuracy": 0.36711711711711714,
        "f1_score": 0.284802900769914,
        "n_samples": 444
    },
    "test_cross_user": {
        "loss": 3.5558432862627134,
        "accuracy": 0.47609216285407546,
        "f1_score": 0.43724806958958035,
        "n_samples": 12109
    },
    "test_cross_env": {
        "loss": 3.898161852126731,
        "accuracy": 0.36586466165413534,
        "f1_score": 0.35673035895512567,
        "n_samples": 6650
    }
}