{
    "best_epoch": 98,
    "best_val_loss": 0.14579629066540506,
    "best_val_accuracy": 0.9539230602043034,
    "experiment_id": "params_828dca1639",
    "experiment_completed": true,
    "test_accuracy": 0.9363320295523685,
    "test_f1_score": 0.9367596149951731,
    "test_cross_device_accuracy": 0.3187623299761188,
    "test_cross_device_f1_score": 0.32004763111770856,
    "test_cross_user_env_accuracy": 0.4370168985553601,
    "test_cross_user_env_f1_score": 0.4132213539183697,
    "test_instance_accuracy": 0.36711711711711714,
    "test_instance_f1_score": 0.284802900769914,
    "test_cross_user_accuracy": 0.47609216285407546,
    "test_cross_user_f1_score": 0.43724806958958035,
    "test_cross_env_accuracy": 0.36586466165413534,
    "test_cross_env_f1_score": 0.35673035895512567
}