,precision,recall,f1-score,support
Fall,0.6458333333333334,0.8157894736842105,0.7209302325581395,38.0
Nonfall,0.6666666666666666,0.45161290322580644,0.5384615384615384,31.0
accuracy,0.6521739130434783,0.6521739130434783,0.6521739130434783,0.6521739130434783
macro avg,0.65625,0.6337011884550084,0.6296958855098389,69.0
weighted avg,0.6551932367149758,0.6521739130434783,0.6389515439060434,69.0
