,precision,recall,f1-score,support
Fall,0.8888888888888888,0.9177057356608479,0.9030674846625767,401.0
Nonfall,0.9422066549912435,0.9212328767123288,0.9316017316017317,584.0
accuracy,0.9197969543147209,0.9197969543147209,0.9197969543147209,0.9197969543147209
macro avg,0.9155477719400662,0.9194693061865884,0.9173346081321542,985.0
weighted avg,0.9205006405678483,0.9197969543147209,0.9199852513757407,985.0
