,precision,recall,f1-score,support
Fall,0.8953488372093024,0.876993166287016,0.8860759493670886,439.0
Nonfall,0.9042553191489362,0.918918918918919,0.9115281501340483,555.0
accuracy,0.9004024144869215,0.9004024144869215,0.9004024144869215,0.9004024144869215
macro avg,0.8998020781791193,0.8979560426029675,0.8988020497505684,994.0
weighted avg,0.9003217722963213,0.9004024144869215,0.900287188225904,994.0
