,precision,recall,f1-score,support
Fall,0.8,0.8888888888888888,0.8421052631578947,9.0
Nonfall,0.8571428571428571,0.75,0.8,8.0
accuracy,0.8235294117647058,0.8235294117647058,0.8235294117647058,0.8235294117647058
macro avg,0.8285714285714285,0.8194444444444444,0.8210526315789474,17.0
weighted avg,0.826890756302521,0.8235294117647058,0.8222910216718267,17.0
