,precision,recall,f1-score,support
Fall,0.9241573033707865,0.9293785310734464,0.9267605633802817,354.0
Nonfall,0.9539594843462247,0.9504587155963303,0.9522058823529411,545.0
accuracy,0.9421579532814238,0.9421579532814238,0.9421579532814238,0.9421579532814238
macro avg,0.9390583938585055,0.9399186233348884,0.9394832228666115,899.0
weighted avg,0.942224254017743,0.9421579532814238,0.9421862573069774,899.0
