{
    "test_easy": {
        "loss": 0.15269610273327525,
        "accuracy": 0.9421579532814238,
        "f1_score": 0.9421862573069774,
        "n_samples": 915
    },
    "test": {
        "loss": 0.19052312553382766,
        "accuracy": 0.9197969543147209,
        "f1_score": 0.9199852513757407,
        "n_samples": 1005
    },
    "test_hard": {
        "loss": 0.5987868309020996,
        "accuracy": 0.6521739130434783,
        "f1_score": 0.6389515439060434,
        "n_samples": 73
    },
    "test_medium": {
        "loss": 0.5338345766067505,
        "accuracy": 0.8235294117647058,
        "f1_score": 0.8222910216718267,
        "n_samples": 17
    }
}