{
    "best_epoch": 40,
    "best_val_loss": 0.20895894048679284,
    "best_val_accuracy": 0.9004024144869215,
    "experiment_id": "params_828dca1639",
    "experiment_completed": true,
    "test_easy_accuracy": 0.9421579532814238,
    "test_easy_f1_score": 0.9421862573069774,
    "test_accuracy": 0.9197969543147209,
    "test_f1_score": 0.9199852513757407,
    "test_hard_accuracy": 0.6521739130434783,
    "test_hard_f1_score": 0.6389515439060434,
    "test_medium_accuracy": 0.8235294117647058,
    "test_medium_f1_score": 0.8222910216718267
}