{
    "best_val_accuracy": 0.9962751971954426,
    "best_val_loss": 0.01607652866811512,
    "best_experiment_id": "params_828dca1639",
    "best_experiment_params": {
        "model": "resnet18",
        "task": "MotionSourceRecognition",
        "task_name": "MotionSourceRecognition",
        "seed": 42,
        "num_classes": 2,
        "batch_size": 128,
        "learning_rate": 0.001,
        "weight_decay": 1e-05,
        "epochs": 100,
        "warmup_epochs": 5,
        "patience": 15,
        "win_len": 500,
        "feature_size": 232,
        "test_splits": [
            "test_easy",
            "test_id",
            "test_hard",
            "test_medium"
        ]
    },
    "best_test_accuracies": {
        "test_easy": 0.991907514450867,
        "test": 0.9960573869236666,
        "test_hard": 0.9960079840319361,
        "test_medium": 0.9966464388374321
    },
    "best_test_f1_scores": {
        "test_easy": 0.9919195552942823,
        "test": 0.9960575904611553,
        "test_hard": 0.9960064594107453,
        "test_medium": 0.9966458539630506
    },
    "timestamp": "2026-06-19 04:21:07"
}