{
    "best_val_accuracy": 0.996603856266433,
    "best_val_loss": 0.012581419079100228,
    "best_experiment_id": "params_828dca1639",
    "best_experiment_params": {
        "model": "resnet18",
        "task": "MotionSourceRecognition",
        "task_name": "MotionSourceRecognition",
        "seed": 42,
        "num_classes": 4,
        "batch_size": 128,
        "learning_rate": 0.001,
        "weight_decay": 1e-05,
        "epochs": 100,
        "warmup_epochs": 5,
        "patience": 15,
        "win_len": 500,
        "feature_size": 232,
        "test_splits": [
            "test_easy",
            "test_id",
            "test_hard",
            "test_medium"
        ]
    },
    "best_test_accuracies": {
        "test_easy": 0.9907514450867052,
        "test": 0.9941955974153981,
        "test_hard": 0.9860279441117764,
        "test_medium": 0.9972852123922069
    },
    "best_test_f1_scores": {
        "test_easy": 0.9907622070246813,
        "test": 0.9941961732749337,
        "test_hard": 0.986008901169917,
        "test_medium": 0.9972855910313576
    },
    "timestamp": "2026-06-21 20:45:42"
}