,precision,recall,f1-score,support
jumping,0.8283062645011601,0.7933333333333333,0.8104426787741204,450.0
running,0.8666666666666667,0.9194078947368421,0.8922585794094174,608.0
seated-breathing,0.9715719063545151,0.9477977161500816,0.9595375722543352,613.0
walking,0.9772329246935202,0.9746724890829694,0.9759510275470048,2290.0
wavinghand,0.9020217729393468,0.90625,0.9041309431021044,640.0
accuracy,0.9365355357530971,0.9365355357530971,0.9365355357530971,0.9365355357530971
macro avg,0.9091599070310418,0.9082922866606452,0.9084641602173965,4601.0
weighted avg,0.9368402658516662,0.9365355357530971,0.9365269746118615,4601.0
