,precision,recall,f1-score,support
jumping,0.07773664727657324,0.13535911602209943,0.0987571380584481,1086.0
running,0.12217941662080352,0.1294460641399417,0.12570781426953567,1715.0
seated-breathing,0.27728983688833125,0.13847117794486216,0.18470539072294193,1596.0
walking,0.5894274376417233,0.6797973193854201,0.6313951723090937,6118.0
wavinghand,0.4197080291970803,0.14429109159347553,0.21475256769374415,1594.0
accuracy,0.4111817656288711,0.4111817656288711,0.4111817656288711,0.4111817656288711
macro avg,0.2972682735249023,0.24547295381715975,0.2510636166107527,12109.0
weighted avg,0.4138777719178316,0.4111817656288711,0.39828393873056467,12109.0
