,precision,recall,f1-score,support
jumping,0.09065656565656566,0.206678180771445,0.12603124451465683,1737.0
running,0.1113822942090082,0.1959406713505074,0.14202857547036357,2562.0
seated-breathing,0.25820016820857866,0.125,0.16844993141289438,2456.0
walking,0.5767157743442328,0.5051405791019723,0.5385604831944523,9532.0
wavinghand,0.35013262599469497,0.10679611650485436,0.16367017978921264,2472.0
accuracy,0.3330134868596407,0.3330134868596407,0.3330134868596407,0.3330134868596407
macro avg,0.27741748568261604,0.22791110954575583,0.22774808287631593,18759.0
weighted avg,0.39659651996040923,0.3330134868596407,0.34834787162831443,18759.0
