,precision,recall,f1-score,support
jumping,0.8246445497630331,0.8055555555555556,0.8149882903981265,432.0
running,0.9020866773675762,0.922824302134647,0.9123376623376623,609.0
seated-breathing,0.9779411764705882,0.9466192170818505,0.9620253164556962,562.0
walking,0.978758850478967,0.9840871021775545,0.9814157444142827,2388.0
wavinghand,0.9052287581699346,0.9067103109656302,0.9059689288634505,611.0
accuracy,0.9443720121686223,0.9443720121686223,0.9443720121686223,0.9443720121686223
macro avg,0.91773200245002,0.9131592975830476,0.9153471884938437,4602.0
weighted avg,0.9442831550144628,0.9443720121686223,0.9442665403869196,4602.0
