{
    "test": {
        "loss": 0.16080455632086216,
        "accuracy": 0.9443720121686223,
        "f1_score": 0.9442665403869196,
        "n_samples": 4602
    },
    "test_cross_device": {
        "loss": 4.389094201798207,
        "accuracy": 0.23071332156577717,
        "f1_score": 0.2569753620200394,
        "n_samples": 9631
    },
    "test_cross_user_env": {
        "loss": 4.138412570913969,
        "accuracy": 0.3330134868596407,
        "f1_score": 0.34834787162831443,
        "n_samples": 18759
    },
    "test_instance": {
        "loss": 3.4483307632240088,
        "accuracy": 0.39414414414414417,
        "f1_score": 0.31999960368790686,
        "n_samples": 444
    },
    "test_cross_user": {
        "loss": 3.2075988770574786,
        "accuracy": 0.4111817656288711,
        "f1_score": 0.39828393873056467,
        "n_samples": 12109
    },
    "test_cross_env": {
        "loss": 5.833333404942563,
        "accuracy": 0.1906766917293233,
        "f1_score": 0.20457194130575995,
        "n_samples": 6650
    }
}