,precision,recall,f1-score,support
jumping,0.7147239263803681,0.5177777777777778,0.6005154639175257,450.0
running,0.7928286852589641,0.6546052631578947,0.7171171171171171,608.0
seated-breathing,0.7591240875912408,0.8482871125611745,0.8012326656394453,613.0
walking,0.8941273779983457,0.9441048034934498,0.9184367034834324,2290.0
wavinghand,0.7850746268656716,0.821875,0.8030534351145038,640.0
accuracy,0.8343838296022604,0.8343838296022604,0.8343838296022604,0.8343838296022604
macro avg,0.7891757408189181,0.7573299913980593,0.7680710770544048,4601.0
weighted avg,0.8300387154993019,0.8343838296022604,0.8290739055547525,4601.0
