{
    "best_epoch": 100,
    "best_val_loss": 0.5337780315224125,
    "best_val_accuracy": 0.8343838296022604,
    "experiment_id": "params_828dca1639",
    "experiment_completed": true,
    "test_accuracy": 0.8420252064319861,
    "test_f1_score": 0.8372770600331483,
    "test_cross_device_accuracy": 0.40639601287509086,
    "test_cross_device_f1_score": 0.3609480780178392,
    "test_cross_user_env_accuracy": 0.4228370382216536,
    "test_cross_user_env_f1_score": 0.3896422919419542,
    "test_instance_accuracy": 0.38288288288288286,
    "test_instance_f1_score": 0.3040105787232224,
    "test_cross_user_accuracy": 0.4742753323973904,
    "test_cross_user_f1_score": 0.4153201903519134,
    "test_cross_env_accuracy": 0.32917293233082706,
    "test_cross_env_f1_score": 0.32414569728024495
}