{
    "test": {
        "loss": 0.5053059474533923,
        "accuracy": 0.8420252064319861,
        "f1_score": 0.8372770600331483,
        "n_samples": 4602
    },
    "test_cross_device": {
        "loss": 3.559222166813765,
        "accuracy": 0.40639601287509086,
        "f1_score": 0.3609480780178392,
        "n_samples": 9631
    },
    "test_cross_user_env": {
        "loss": 4.093898184246788,
        "accuracy": 0.4228370382216536,
        "f1_score": 0.3896422919419542,
        "n_samples": 18759
    },
    "test_instance": {
        "loss": 5.039624420372215,
        "accuracy": 0.38288288288288286,
        "f1_score": 0.3040105787232224,
        "n_samples": 444
    },
    "test_cross_user": {
        "loss": 3.3240680466995576,
        "accuracy": 0.4742753323973904,
        "f1_score": 0.4153201903519134,
        "n_samples": 12109
    },
    "test_cross_env": {
        "loss": 5.495683715648221,
        "accuracy": 0.32917293233082706,
        "f1_score": 0.32414569728024495,
        "n_samples": 6650
    }
}