{
    "test": {
        "loss": 0.16724279958970104,
        "accuracy": 0.9456757931334202,
        "f1_score": 0.9454071454945987,
        "n_samples": 4602
    },
    "test_cross_device": {
        "loss": 4.10616033375975,
        "accuracy": 0.29363513653826184,
        "f1_score": 0.3199144830534479,
        "n_samples": 9631
    },
    "test_cross_user_env": {
        "loss": 4.307208652987149,
        "accuracy": 0.371395063702756,
        "f1_score": 0.3739521448038263,
        "n_samples": 18759
    },
    "test_instance": {
        "loss": 4.18619104333826,
        "accuracy": 0.4436936936936937,
        "f1_score": 0.3848084735181509,
        "n_samples": 444
    },
    "test_cross_user": {
        "loss": 3.379309247235646,
        "accuracy": 0.42332149640763067,
        "f1_score": 0.4090454149443058,
        "n_samples": 12109
    },
    "test_cross_env": {
        "loss": 5.996822811929803,
        "accuracy": 0.2768421052631579,
        "f1_score": 0.29364524661558244,
        "n_samples": 6650
    }
}