{
    "test": {
        "loss": 0.14718284388791214,
        "accuracy": 0.9504563233376793,
        "f1_score": 0.9501548465924508,
        "n_samples": 4602
    },
    "test_cross_device": {
        "loss": 4.473541020728162,
        "accuracy": 0.31263627868341815,
        "f1_score": 0.3293024530446265,
        "n_samples": 9631
    },
    "test_cross_user_env": {
        "loss": 3.658530795769677,
        "accuracy": 0.4217175755637294,
        "f1_score": 0.40422092692270445,
        "n_samples": 18759
    },
    "test_instance": {
        "loss": 3.3942257262564994,
        "accuracy": 0.4797297297297297,
        "f1_score": 0.43640494751605863,
        "n_samples": 444
    },
    "test_cross_user": {
        "loss": 3.667729705201107,
        "accuracy": 0.4838549838962755,
        "f1_score": 0.4378350815015401,
        "n_samples": 12109
    },
    "test_cross_env": {
        "loss": 3.641780510665779,
        "accuracy": 0.30857142857142855,
        "f1_score": 0.32098425014066406,
        "n_samples": 6650
    }
}