{
    "best_epoch": 99,
    "best_val_loss": 0.1569536360087174,
    "best_val_accuracy": 0.9519669637035427,
    "experiment_id": "params_828dca1639",
    "experiment_completed": true,
    "test_accuracy": 0.9504563233376793,
    "test_f1_score": 0.9501548465924508,
    "test_cross_device_accuracy": 0.31263627868341815,
    "test_cross_device_f1_score": 0.3293024530446265,
    "test_cross_user_env_accuracy": 0.4217175755637294,
    "test_cross_user_env_f1_score": 0.40422092692270445,
    "test_instance_accuracy": 0.4797297297297297,
    "test_instance_f1_score": 0.43640494751605863,
    "test_cross_user_accuracy": 0.4838549838962755,
    "test_cross_user_f1_score": 0.4378350815015401,
    "test_cross_env_accuracy": 0.30857142857142855,
    "test_cross_env_f1_score": 0.32098425014066406
}