,precision,recall,f1-score,support
jumping,1.0,0.026785714285714284,0.05217391304347826,112.0
running,0.2972972972972973,0.11702127659574468,0.16793893129770993,188.0
seated-breathing,1.0,1.0,1.0,21.0
walking,0.30407523510971785,1.0,0.46634615384615385,97.0
wavinghand,0.9629629629629629,1.0,0.9811320754716981,26.0
accuracy,0.38063063063063063,0.38063063063063063,0.38063063063063063,0.38063063063063063
macro avg,0.7128670990739956,0.6287613981762918,0.533518214731808,444.0
weighted avg,0.5482527629157017,0.38063063063063063,0.29090317168959484,444.0
