,precision,recall,f1-score,support
jumping,0.06725958866036687,0.13595505617977527,0.08999628114540721,890.0
running,0.1731244847485573,0.15813253012048192,0.1652892561983471,1328.0
seated-breathing,0.18874172185430463,0.19240506329113924,0.1905557877141663,1185.0
walking,0.47844623401231645,0.41232904674423354,0.4429338888279794,4899.0
wavinghand,0.29184188393608074,0.26109857035364936,0.2756155679110405,1329.0
accuracy,0.3038106115668155,0.3038106115668155,0.3038106115668155,0.3038106115668155
macro avg,0.23988278264232518,0.23198405333785588,0.2328781563593881,9631.0
weighted avg,0.336953094614116,0.3038106115668155,0.31789384716168084,9631.0
