,precision,recall,f1-score,support
jumping,0.9004629629629629,0.8644444444444445,0.8820861678004536,450.0
running,0.9155844155844156,0.9276315789473685,0.9215686274509803,608.0
seated-breathing,0.9376026272577996,0.9314845024469821,0.9345335515548282,613.0
walking,0.9658848614072495,0.9890829694323144,0.9773462783171522,2290.0
wavinghand,0.9599332220367279,0.8984375,0.9281678773204197,640.0
accuracy,0.9484894588133015,0.9484894588133015,0.9484894588133015,0.9484894588133015
macro avg,0.9358936178498312,0.9222161990542219,0.9287405004887669,4601.0
weighted avg,0.9482433521503578,0.9484894588133015,0.9481138854455241,4601.0
