,precision,recall,f1-score,support
jumping,0.08075842696629214,0.10589318600368323,0.09163346613545817,1086.0
running,0.05263157894736842,0.02040816326530612,0.029411764705882353,1715.0
seated-breathing,0.6949152542372882,0.17982456140350878,0.2857142857142857,1596.0
walking,0.5787244342248578,0.7816279830009807,0.6650441554829288,6118.0
wavinghand,0.2708333333333333,0.22835633626097868,0.24778761061946902,1594.0
accuracy,0.461062019985135,0.461062019985135,0.461062019985135,0.461062019985135
macro avg,0.33557260554182794,0.26322204598689153,0.26391825653160483,12109.0
weighted avg,0.43433776342091457,0.461062019985135,0.4186694785090171,12109.0
