,precision,recall,f1-score,support
jumping,0.9129353233830846,0.8495370370370371,0.8800959232613909,432.0
running,0.902668759811617,0.9441707717569786,0.9229534510433387,609.0
seated-breathing,0.9484902309058615,0.9501779359430605,0.9493333333333334,562.0
walking,0.9700205338809035,0.9891122278056952,0.9794733568318474,2388.0
wavinghand,0.9539823008849557,0.8821603927986906,0.9166666666666666,611.0
accuracy,0.9511082138200783,0.9511082138200783,0.9511082138200783,0.9511082138200783
macro avg,0.9376194297732845,0.9230316730682924,0.9297045462273154,4602.0
weighted avg,0.9509902357549254,0.9511082138200783,0.9506456178434229,4602.0
