{
    "best_epoch": 97,
    "best_val_loss": 0.1401525671761649,
    "best_val_accuracy": 0.9534883720930233,
    "experiment_id": "params_828dca1639",
    "experiment_completed": true,
    "test_accuracy": 0.9511082138200783,
    "test_f1_score": 0.9506456178434229,
    "test_cross_device_accuracy": 0.3038106115668155,
    "test_cross_device_f1_score": 0.31789384716168084,
    "test_cross_user_env_accuracy": 0.414361106668799,
    "test_cross_user_env_f1_score": 0.3945062102040467,
    "test_instance_accuracy": 0.38063063063063063,
    "test_instance_f1_score": 0.29090317168959484,
    "test_cross_user_accuracy": 0.461062019985135,
    "test_cross_user_f1_score": 0.4186694785090171,
    "test_cross_env_accuracy": 0.3293233082706767,
    "test_cross_env_f1_score": 0.332582484504815
}