{
    "best_val_accuracy": 0.9613127580960661,
    "best_val_loss": 0.1242082337882241,
    "best_experiment_id": "params_828dca1639",
    "best_experiment_params": {
        "model": "vit",
        "task": "HumanActivityRecognition",
        "task_name": "HumanActivityRecognition",
        "seed": 42,
        "num_classes": 5,
        "batch_size": 128,
        "learning_rate": 0.001,
        "weight_decay": 1e-05,
        "epochs": 100,
        "warmup_epochs": 5,
        "patience": 15,
        "win_len": 500,
        "feature_size": 232,
        "test_splits": [
            "test_id",
            "test_cross_device",
            "test_cross_user_env",
            "test_instance",
            "test_cross_user",
            "test_cross_env"
        ]
    },
    "best_test_accuracies": {
        "test": 0.9615384615384616,
        "test_cross_device": 0.3275879970927214,
        "test_cross_user_env": 0.42193080654619114,
        "test_instance": 0.38963963963963966,
        "test_cross_user": 0.47667024527211166,
        "test_cross_env": 0.32225563909774435
    },
    "best_test_f1_scores": {
        "test": 0.9615575347019758,
        "test_cross_device": 0.3385087659418817,
        "test_cross_user_env": 0.4044633267859591,
        "test_instance": 0.31563452747019655,
        "test_cross_user": 0.43699690192539165,
        "test_cross_env": 0.3344943723745047
    },
    "timestamp": "2026-06-21 05:41:44"
}