{
    "best_val_accuracy": 0.9386317907444668,
    "best_val_loss": 0.1470176770353701,
    "best_experiment_id": "params_828dca1639",
    "best_experiment_params": {
        "model": "lstm",
        "task": "FallDetection",
        "task_name": "FallDetection",
        "seed": 42,
        "num_classes": 2,
        "batch_size": 128,
        "learning_rate": 0.001,
        "weight_decay": 1e-05,
        "epochs": 100,
        "warmup_epochs": 5,
        "patience": 15,
        "win_len": 500,
        "feature_size": 232,
        "test_splits": [
            "test_easy",
            "test_id",
            "test_hard",
            "test_medium"
        ]
    },
    "best_test_accuracies": {
        "test_easy": 0.9721913236929922,
        "test": 0.9451776649746193,
        "test_hard": 0.6376811594202898,
        "test_medium": 0.7647058823529411
    },
    "best_test_f1_scores": {
        "test_easy": 0.9721981669019744,
        "test": 0.9453832986589623,
        "test_hard": 0.560117586376734,
        "test_medium": 0.7546218487394958
    },
    "timestamp": "2026-06-18 22:48:43"
}