{
    "best_epoch": 94,
    "best_val_loss": 0.537990817607058,
    "best_val_accuracy": 0.8348185177135405,
    "experiment_id": "params_828dca1639",
    "experiment_completed": true,
    "test_accuracy": 0.8415906127770535,
    "test_f1_score": 0.8379795949552115,
    "test_cross_device_accuracy": 0.4204132488838127,
    "test_cross_device_f1_score": 0.38072248264780634,
    "test_cross_user_env_accuracy": 0.4341915880377419,
    "test_cross_user_env_f1_score": 0.39912818963267144,
    "test_instance_accuracy": 0.4166666666666667,
    "test_instance_f1_score": 0.35292208026364597,
    "test_cross_user_accuracy": 0.4916178049384755,
    "test_cross_user_f1_score": 0.43076672562044155,
    "test_cross_env_accuracy": 0.32962406015037593,
    "test_cross_env_f1_score": 0.32206269827051
}