{
    "test": {
        "loss": 0.518589996555897,
        "accuracy": 0.8415906127770535,
        "f1_score": 0.8379795949552115,
        "n_samples": 4602
    },
    "test_cross_device": {
        "loss": 3.663677886049518,
        "accuracy": 0.4204132488838127,
        "f1_score": 0.38072248264780634,
        "n_samples": 9631
    },
    "test_cross_user_env": {
        "loss": 4.206599427591564,
        "accuracy": 0.4341915880377419,
        "f1_score": 0.39912818963267144,
        "n_samples": 18759
    },
    "test_instance": {
        "loss": 5.162669473940188,
        "accuracy": 0.4166666666666667,
        "f1_score": 0.35292208026364597,
        "n_samples": 444
    },
    "test_cross_user": {
        "loss": 3.437833174049746,
        "accuracy": 0.4916178049384755,
        "f1_score": 0.43076672562044155,
        "n_samples": 12109
    },
    "test_cross_env": {
        "loss": 5.606447641473068,
        "accuracy": 0.32962406015037593,
        "f1_score": 0.32206269827051,
        "n_samples": 6650
    }
}