,precision,recall,f1-score,support
Nonhuman,0.9903682719546743,0.9985718366181091,0.9944531361115062,3501.0
Human,0.9981698389458272,0.9876856211517566,0.9929000546149646,2761.0
accuracy,0.9937719578409454,0.9937719578409454,0.9937719578409454,0.9937719578409454
macro avg,0.9942690554502507,0.9931287288849329,0.9936765953632354,6262.0
weighted avg,0.9938080877423736,0.9937719578409454,0.9937683615966626,6262.0
