,precision,recall,f1-score,support
Nonhuman,0.9905165456012913,0.991116495053503,0.9908164295085276,4953.0
Human,0.9894534995206136,0.9887425149700598,0.9890978794776566,4175.0
accuracy,0.9900306748466258,0.9900306748466258,0.9900306748466258,0.9900306748466258
macro avg,0.9899850225609524,0.9899295050117813,0.9899571544930921,9128.0
weighted avg,0.9900303254668884,0.9900306748466258,0.9900303924380975,9128.0
