,precision,recall,f1-score,support
Nonhuman,0.9920544835414302,0.9593852908891328,0.9754464285714286,911.0
Human,0.9670525378450578,0.9935956084172004,0.98014440433213,1093.0
accuracy,0.9780439121756487,0.9780439121756487,0.9780439121756487,0.9780439121756487
macro avg,0.979553510693244,0.9764904496531666,0.9777954164517793,2004.0
weighted avg,0.9784181927998459,0.9780439121756487,0.9780087476864219,2004.0
