,precision,recall,f1-score,support
Nonhuman,0.9916479934813608,0.9884263959390863,0.9900345739271914,4925.0
Human,0.9864992894362862,0.9902520209224916,0.9883720930232558,4206.0
accuracy,0.9892673310699814,0.9892673310699814,0.9892673310699814,0.9892673310699814
macro avg,0.9890736414588235,0.989339208430789,0.9892033334752236,9131.0
weighted avg,0.9892763530023788,0.9892673310699814,0.9892687876297485,9131.0
