,precision,recall,f1-score,support
Nonhuman,1.0,0.9707602339181286,0.9851632047477745,513.0
Human,0.9591280653950953,1.0,0.9791376912378303,352.0
accuracy,0.9826589595375722,0.9826589595375722,0.9826589595375722,0.9826589595375722
macro avg,0.9795640326975477,0.9853801169590644,0.9821504479928025,865.0
weighted avg,0.9833677214093336,0.9826589595375722,0.9827112038743636,865.0
