,precision,recall,f1-score,support
Fan,1.0,1.0,1.0,60.0
Human,0.9834254143646409,0.9771271729185728,0.9802661771454796,1093.0
IRobot,0.9951219512195122,1.0,0.9975550122249389,204.0
Pet,0.9617151607963247,0.9706336939721792,0.9661538461538461,647.0
accuracy,0.9780439121756487,0.9780439121756487,0.9780439121756487,0.9780439121756487
macro avg,0.9850656315951194,0.986940216722688,0.9859937588810661,2004.0
weighted avg,0.9781030763395984,0.9780439121756487,0.9780607248380415,2004.0
