,precision,recall,f1-score,support
Fan,1.0,0.9910714285714286,0.9955156950672646,224.0
Human,0.9922705314009662,0.9766999524488825,0.9844236760124611,4206.0
IRobot,0.9558173784977909,0.9969278033794163,0.9759398496240601,651.0
Pet,0.9821515892420538,0.9918518518518519,0.986977886977887,4050.0
accuracy,0.9852152009637498,0.9852152009637498,0.9852152009637498,0.9852152009637498
macro avg,0.9825598747852028,0.9891377590628948,0.9857142769204181,9131.0
weighted avg,0.9853730045892941,0.9852152009637498,0.9852238288653142,9131.0
