,precision,recall,f1-score,support
Fan,1.0,1.0,1.0,104.0
Human,0.9985141158989599,0.9735603042375951,0.9858793324775353,2761.0
IRobot,0.9427966101694916,0.9955257270693513,0.9684439608269858,447.0
Pet,0.9839679358717435,0.9986440677966102,0.9912516823687753,2950.0
accuracy,0.9873842222931971,0.9873842222931971,0.9873842222931971,0.9873842222931971
macro avg,0.9813196654850487,0.9919325247758891,0.9863937439183241,6262.0
weighted avg,0.9877088740920528,0.9873842222931971,0.987400151780266,6262.0
