,precision,recall,f1-score,support
Fan,1.0,0.9666666666666667,0.9830508474576272,60.0
Human,0.9723756906077348,1.0,0.9859943977591037,352.0
IRobot,0.0,0.0,0.0,0.0
Pet,1.0,0.977924944812362,0.9888392857142857,453.0
accuracy,0.9861271676300578,0.9861271676300578,0.9861271676300578,0.9861271676300578
macro avg,0.7430939226519337,0.7361479028697572,0.7394711327327541,865.0
weighted avg,0.9887586625363267,0.9861271676300578,0.9872800870372643,865.0
