,precision,recall,f1-score,support
Fan,0.9880952380952381,0.9841897233201581,0.9861386138613861,253.0
Human,0.9934354485776805,0.978682634730539,0.986003861003861,4175.0
IRobot,0.946969696969697,0.9952229299363057,0.9704968944099379,628.0
Pet,0.9858640019497928,0.9933693516699411,0.9896024464831804,4072.0
accuracy,0.9865249780893953,0.9865249780893953,0.9865249780893953,0.9865249780893953
macro avg,0.9785910963981022,0.987866159914236,0.9830604539395913,9128.0
weighted avg,0.9867130016089438,0.9865249780893953,0.9865460561751755,9128.0
