{
    "best_epoch": 94,
    "best_val_loss": 0.026546947496082822,
    "best_val_accuracy": 0.9913453111305872,
    "experiment_id": "params_828dca1639",
    "experiment_completed": true,
    "test_easy_accuracy": 0.9861271676300578,
    "test_easy_f1_score": 0.9872800870372643,
    "test_accuracy": 0.9852152009637498,
    "test_f1_score": 0.9852238288653142,
    "test_hard_accuracy": 0.9780439121756487,
    "test_hard_f1_score": 0.9780607248380415,
    "test_medium_accuracy": 0.9873842222931971,
    "test_medium_f1_score": 0.987400151780266
}