{
    "test_easy": {
        "loss": 0.039091808480248284,
        "accuracy": 0.9826589595375722,
        "f1_score": 0.9827112038743636,
        "n_samples": 865
    },
    "test": {
        "loss": 0.03347198685063715,
        "accuracy": 0.9892673310699814,
        "f1_score": 0.9892687876297485,
        "n_samples": 9131
    },
    "test_hard": {
        "loss": 0.059602939304985815,
        "accuracy": 0.9780439121756487,
        "f1_score": 0.9780087476864219,
        "n_samples": 2004
    },
    "test_medium": {
        "loss": 0.024333122152589357,
        "accuracy": 0.9937719578409454,
        "f1_score": 0.9937683615966626,
        "n_samples": 6262
    }
}