{
    "test_easy": {
        "loss": 0.049012525031681915,
        "accuracy": 0.9861271676300578,
        "f1_score": 0.9872800870372643,
        "n_samples": 865
    },
    "test": {
        "loss": 0.043793290906908415,
        "accuracy": 0.9852152009637498,
        "f1_score": 0.9852238288653142,
        "n_samples": 9131
    },
    "test_hard": {
        "loss": 0.06456362781235868,
        "accuracy": 0.9780439121756487,
        "f1_score": 0.9780607248380415,
        "n_samples": 2004
    },
    "test_medium": {
        "loss": 0.0364252937675485,
        "accuracy": 0.9873842222931971,
        "f1_score": 0.987400151780266,
        "n_samples": 6262
    }
}