{
    "best_epoch": 58,
    "best_val_loss": 0.030859507373337515,
    "best_val_accuracy": 0.9900306748466258,
    "experiment_id": "params_828dca1639",
    "experiment_completed": true,
    "test_easy_accuracy": 0.9826589595375722,
    "test_easy_f1_score": 0.9827112038743636,
    "test_accuracy": 0.9892673310699814,
    "test_f1_score": 0.9892687876297485,
    "test_hard_accuracy": 0.9780439121756487,
    "test_hard_f1_score": 0.9780087476864219,
    "test_medium_accuracy": 0.9937719578409454,
    "test_medium_f1_score": 0.9937683615966626
}