,precision,recall,f1-score,support
001,0.821875,0.9006849315068494,0.8594771241830066,292.0
100,0.84,0.711864406779661,0.7706422018348624,59.0
101,0.8450704225352113,0.6521739130434783,0.7361963190184049,92.0
110,0.6739130434782609,0.6888888888888889,0.6813186813186813,90.0
accuracy,0.801125703564728,0.801125703564728,0.801125703564728,0.801125703564728
macro avg,0.795214616503368,0.7384030350547195,0.7619085815887388,533.0
weighted avg,0.8029008495052212,0.801125703564728,0.7982813374072597,533.0
