,precision,recall,f1-score,support
001,0.8377581120943953,0.922077922077922,0.8778979907264297,308.0
100,0.9574468085106383,0.8035714285714286,0.8737864077669902,56.0
101,0.9166666666666666,0.6947368421052632,0.7904191616766467,95.0
110,0.6666666666666666,0.6741573033707865,0.6703910614525139,89.0
accuracy,0.8302919708029197,0.8302919708029197,0.8302919708029197,0.8302919708029197
macro avg,0.8446345634845916,0.77363587403135,0.8031236554056451,548.0
weighted avg,0.8358817271320002,0.8302919708029197,0.828611760597166,548.0
