{
    "best_epoch": 17,
    "best_val_loss": 0.5832591607020452,
    "best_val_accuracy": 0.801125703564728,
    "experiment_id": "params_828dca1639",
    "experiment_completed": true,
    "test_accuracy": 0.8302919708029197,
    "test_f1_score": 0.828611760597166,
    "test_medium_id_accuracy": null,
    "test_medium_id_f1_score": null,
    "test_easy_id_accuracy": null,
    "test_easy_id_f1_score": null,
    "test_hard_id_accuracy": 0.8302919708029197,
    "test_hard_id_f1_score": 0.828611760597166
}