{
    "test": {
        "loss": 1.509155158679619e-07,
        "accuracy": 1.0,
        "f1_score": 1.0,
        "n_samples": 4602
    },
    "test_cross_device": {
        "loss": 11.89519783695741,
        "accuracy": 0.16820683210466203,
        "f1_score": 0.12863503707842225,
        "n_samples": 9631
    },
    "test_cross_user": {
        "loss": 16.460739972619162,
        "accuracy": 0.0,
        "f1_score": 0.0,
        "n_samples": 12109
    },
    "test_cross_env": {
        "loss": 11.50688024563897,
        "accuracy": 0.20300751879699247,
        "f1_score": 0.3375,
        "n_samples": 6650
    }
}