{
    "best_val_accuracy": 0.938926320365138,
    "best_val_loss": 0.18944315582844154,
    "best_experiment_id": "params_828dca1639",
    "best_experiment_params": {
        "model": "resnet18",
        "task": "HumanActivityRecognition",
        "task_name": "HumanActivityRecognition",
        "seed": 42,
        "num_classes": 5,
        "batch_size": 128,
        "learning_rate": 0.001,
        "weight_decay": 1e-05,
        "epochs": 100,
        "warmup_epochs": 5,
        "patience": 15,
        "win_len": 500,
        "feature_size": 232,
        "test_splits": [
            "test_id",
            "test_cross_device",
            "test_cross_user_env",
            "test_instance",
            "test_cross_user",
            "test_cross_env"
        ]
    },
    "best_test_accuracies": {
        "test": 0.9424163407214254,
        "test_cross_device": 0.33797113487695984,
        "test_cross_user_env": 0.4135614904845674,
        "test_instance": 0.4369369369369369,
        "test_cross_user": 0.46238335122636054,
        "test_cross_env": 0.3246616541353384
    },
    "best_test_f1_scores": {
        "test": 0.9423536031212418,
        "test_cross_device": 0.34852288524843317,
        "test_cross_user_env": 0.3879009002545169,
        "test_instance": 0.3837389922959946,
        "test_cross_user": 0.40605051832836175,
        "test_cross_env": 0.3257424085980028
    },
    "timestamp": "2026-06-28 22:44:27"
}