,precision,recall,f1-score,support
0.5,0.8507992895204263,0.9054820415879017,0.8772893772893773,529.0
1.5,0.9485168769178316,0.952413557001027,0.9504612230953194,2921.0
2.5,0.8455284552845529,0.859504132231405,0.8524590163934426,605.0
3.5,0.9551020408163265,0.8571428571428571,0.9034749034749034,546.0
accuracy,0.9234948924146924,0.9234948924146924,0.9234948924146924,0.9234948924146924
macro avg,0.8999866656347844,0.8936356469907977,0.8959211300632607,4601.0
weighted avg,0.9245209848654988,0.9234948924146924,0.9235858107939229,4601.0
