,precision,recall,f1-score,support
0.5,0.13035450516986707,0.22076297686053784,0.16391920130020896,1599.0
1.5,0.7938221998995479,0.41630449097853284,0.5461771058315334,7593.0
2.5,0.19442131557035802,0.5907653383934219,0.29256068911511357,1581.0
3.5,0.4634146341463415,0.21332335329341318,0.29215786776012304,1336.0
accuracy,0.3908662977950285,0.3908662977950285,0.3908662977950285,0.3908662977950285
macro avg,0.3955031636965286,0.3602890398814764,0.3237037160017448,12109.0
weighted avg,0.5914964793740304,0.3908662977950285,0.43456032110631654,12109.0
