,precision,recall,f1-score,support
0.5,0.8528896672504378,0.8619469026548673,0.8573943661971831,565.0
1.5,0.9321799307958477,0.9549805033676001,0.9434424794256697,2821.0
2.5,0.8555900621118012,0.8437978560490046,0.8496530454895914,653.0
3.5,0.9496981891348089,0.8383658969804618,0.8905660377358491,563.0
accuracy,0.913515862668405,0.913515862668405,0.913515862668405,0.913515862668405
macro avg,0.8975894623232239,0.8747727897629834,0.8852639822120734,4602.0
weighted avg,0.9137206948747257,0.913515862668405,0.9131010798155603,4602.0
