,precision,recall,f1-score,support
0.5,0.8515358361774744,0.8831858407079646,0.8670721112076455,565.0
1.5,0.9466053748231966,0.9489542715349167,0.9477783678527173,2821.0
2.5,0.8286558345642541,0.8591117917304747,0.843609022556391,653.0
3.5,0.9354207436399217,0.8490230905861457,0.8901303538175046,563.0
accuracy,0.9159061277705346,0.9159061277705346,0.9159061277705346,0.9159061277705346
macro avg,0.8905544473012117,0.8850687486398754,0.8871474638585647,4602.0
weighted avg,0.9168286937106137,0.9159061277705346,0.9160362015370304,4602.0
