,precision,recall,f1-score,support
0.5,0.1210592686002522,0.1801125703564728,0.14479638009049775,1599.0
1.5,0.8033651431441486,0.4213091004872909,0.5527429805615551,7593.0
2.5,0.19233050009883376,0.6154332700822265,0.29307228915662653,1581.0
3.5,0.420899854862119,0.21706586826347304,0.28641975308641976,1336.0
accuracy,0.39227021223883063,0.39227021223883063,0.39227021223883063,0.39227021223883063
macro avg,0.3844136916763384,0.35848020229736577,0.31925785072377477,12109.0
weighted avg,0.5912892913648833,0.39227021223883063,0.435586005652711,12109.0
