,precision,recall,f1-score,support
0.5,0.22367966862271316,0.702819956616052,0.33935585231736054,922.0
1.5,0.713023560209424,0.5331539026180573,0.6101077978440431,4087.0
2.5,0.08201438848920864,0.07116104868913857,0.07620320855614973,801.0
3.5,0.0,0.0,0.0,840.0
accuracy,0.4336842105263158,0.4336842105263158,0.4336842105263158,0.4336842105263158
macro avg,0.2546794043303365,0.32678372698081193,0.25641671467938837,6650.0
weighted avg,0.479105784996378,0.4336842105263158,0.43119329859829875,6650.0
