,precision,recall,f1-score,support
0.5,0.14198687910028115,0.25677966101694916,0.1828605914302957,1180.0
1.5,0.6397367940047524,0.5899207820664082,0.6138197123816205,5933.0
2.5,0.2405534858967536,0.3450381679389313,0.2834744433991847,1310.0
3.5,0.02040816326530612,0.0024834437086092716,0.004428044280442804,1208.0
accuracy,0.44211400685287094,0.44211400685287094,0.44211400685287094,0.44211400685287094
macro avg,0.26067133056677333,0.2985555136827245,0.2711456978728859,9631.0
weighted avg,0.44677406748185705,0.44211400685287094,0.43964992729639807,9631.0
