,precision,recall,f1-score,support
0.5,0.14710485133020346,0.23898305084745763,0.18211172102034226,1180.0
1.5,0.6392451447416636,0.5880667453227709,0.6125888859626021,5933.0
2.5,0.23517978620019436,0.36946564885496186,0.28741092636579574,1310.0
3.5,0.06060606060606061,0.009933774834437087,0.017069701280227598,1208.0
accuracy,0.4430484892534524,0.4430484892534524,0.4430484892534524,0.4430484892534524
macro avg,0.2705339607195305,0.3016123049649069,0.27479530865724194,9631.0
weighted avg,0.4514092835070404,0.4430484892534524,0.44092100549328517,9631.0
