,precision,recall,f1-score,support
0.5,0.8368055555555556,0.9111531190926276,0.8723981900452489,529.0
1.5,0.957409972299169,0.9465936323176994,0.9519710793596143,2921.0
2.5,0.832807570977918,0.8727272727272727,0.8523002421307506,605.0
3.5,0.9443339960238568,0.86996336996337,0.9056244041944709,546.0
accuracy,0.9237122364703325,0.9237122364703325,0.9237122364703325,0.9237122364703325
macro avg,0.8928392737141249,0.9001093485252424,0.8955734789325211,4601.0
weighted avg,0.9256073919246744,0.9237122364703325,0.9242162000701272,4601.0
