{
    "test": {
        "loss": 0.25637749102984964,
        "accuracy": 0.9159061277705346,
        "f1_score": 0.9160362015370304,
        "n_samples": 4602
    },
    "test_cross_device": {
        "loss": 2.6916842200175313,
        "accuracy": 0.4430484892534524,
        "f1_score": 0.44092100549328517,
        "n_samples": 9631
    },
    "test_cross_user": {
        "loss": 2.929483314060694,
        "accuracy": 0.39227021223883063,
        "f1_score": 0.435586005652711,
        "n_samples": 12109
    },
    "test_cross_env": {
        "loss": 3.3230591351645336,
        "accuracy": 0.4242105263157895,
        "f1_score": 0.4259607916816622,
        "n_samples": 6650
    }
}