{
    "test": {
        "loss": 0.2700323848582412,
        "accuracy": 0.913515862668405,
        "f1_score": 0.9131010798155603,
        "n_samples": 4602
    },
    "test_cross_device": {
        "loss": 2.713494936728568,
        "accuracy": 0.44211400685287094,
        "f1_score": 0.43964992729639807,
        "n_samples": 9631
    },
    "test_cross_user": {
        "loss": 2.928121558187896,
        "accuracy": 0.3908662977950285,
        "f1_score": 0.43456032110631654,
        "n_samples": 12109
    },
    "test_cross_env": {
        "loss": 3.3800062682574854,
        "accuracy": 0.4336842105263158,
        "f1_score": 0.43119329859829875,
        "n_samples": 6650
    }
}