,precision,recall,f1-score,support
Nonhuman,1.0,0.9813391877058177,0.9905817174515236,911.0
Human,0.9846846846846847,1.0,0.9922832501134816,1093.0
accuracy,0.9915169660678643,0.9915169660678643,0.9915169660678643,0.9915169660678643
macro avg,0.9923423423423423,0.9906695938529089,0.9914324837825026,2004.0
weighted avg,0.9916468864073655,0.9915169660678643,0.9915097489882102,2004.0
