,precision,recall,f1-score,support
Fan,1.0,1.0,1.0,60.0
Human,0.9777777777777777,1.0,0.9887640449438202,352.0
Pet,1.0,0.9823399558498896,0.9910913140311804,453.0
accuracy,0.9907514450867052,0.9907514450867052,0.9907514450867052,0.9907514450867052
macro avg,0.9925925925925926,0.9941133186166299,0.9932851196583335,865.0
weighted avg,0.9909569685292228,0.9907514450867052,0.9907622070246813,865.0
