,precision,recall,f1-score,support
Nonhuman,0.9981647634584013,0.9939086294416244,0.9960321497609116,4925.0
Human,0.992902767920511,0.9978601997146933,0.9953753112771255,4206.0
accuracy,0.9957288358339722,0.9957288358339722,0.9957288358339722,0.9957288358339722
macro avg,0.9955337656894562,0.9958844145781589,0.9957037305190186,9131.0
weighted avg,0.9957409376745479,0.9957288358339722,0.9957295911514707,9131.0
