,precision,recall,f1-score,support
Fan,1.0,1.0,1.0,60.0
Human,0.9784366576819407,0.9963403476669717,0.9873073436083409,1093.0
IRobot,1.0,0.9705882352941176,0.9850746268656716,204.0
Pet,0.9936808846761453,0.9721792890262752,0.9828125,647.0
accuracy,0.9860279441117764,0.9860279441117764,0.9860279441117764,0.9860279441117764
macro avg,0.9930293855895216,0.9847769679968411,0.9887986176185032,2004.0
weighted avg,0.9861990016126881,0.9860279441117764,0.986008901169917,2004.0
