,precision,recall,f1-score,support
Nonhuman,0.9974293059125964,0.9974293059125964,0.9974293059125964,3501.0
Human,0.9967403114813473,0.9967403114813473,0.9967403114813473,2761.0
accuracy,0.9971255190035132,0.9971255190035132,0.9971255190035132,0.9971255190035132
macro avg,0.9970848086969719,0.9970848086969719,0.9970848086969719,6262.0
weighted avg,0.9971255190035132,0.9971255190035132,0.9971255190035132,6262.0
