,precision,recall,f1-score,support
Fan,1.0,1.0,1.0,253.0
Human,0.9952198852772467,0.9973652694610778,0.9962914224189496,4175.0
IRobot,0.9952305246422893,0.9968152866242038,0.9960222752585521,628.0
Pet,0.9980305268340719,0.9955795677799607,0.9968035406933858,4072.0
accuracy,0.996603856266433,0.996603856266433,0.996603856266433,0.996603856266433
macro avg,0.997120234188402,0.9974400309663105,0.9972793095927219,9128.0
weighted avg,0.9966069342436681,0.996603856266433,0.9966041515299028,9128.0
