,precision,recall,f1-score,support
Nonhuman,0.9975723244992919,0.9955582475267515,0.9965642683912692,4953.0
Human,0.9947431302270012,0.997125748502994,0.995933014354067,4175.0
accuracy,0.9962751971954426,0.9962751971954426,0.9962751971954426,0.9962751971954426
macro avg,0.9961577273631466,0.9963419980148727,0.9962486413726681,9128.0
weighted avg,0.9962782966633131,0.9962751971954426,0.996275542974385,9128.0
