,precision,recall,f1-score,support
Fan,1.0,1.0,1.0,224.0
Human,0.9905504370422868,0.9969091773656681,0.9937196350278469,4206.0
IRobot,0.9938080495356038,0.9861751152073732,0.9899768696993061,651.0
Pet,0.9977656405163853,0.9923456790123457,0.9950482792770488,4050.0
accuracy,0.9941955974153981,0.9941955974153981,0.9941955974153981,0.9941955974153981
macro avg,0.995531031773569,0.9938574928963467,0.9946861960010503,9131.0
weighted avg,0.9942147653640233,0.9941955974153981,0.9941961732749337,9131.0
