{
    "test_easy": {
        "loss": 0.01158589782453471,
        "accuracy": 0.9953757225433526,
        "f1_score": 0.9953797360073741,
        "n_samples": 865
    },
    "test": {
        "loss": 0.020159908134006508,
        "accuracy": 0.9957288358339722,
        "f1_score": 0.9957295911514707,
        "n_samples": 9131
    },
    "test_hard": {
        "loss": 0.04363521664319756,
        "accuracy": 0.9915169660678643,
        "f1_score": 0.9915097489882102,
        "n_samples": 2004
    },
    "test_medium": {
        "loss": 0.013831577732012951,
        "accuracy": 0.9971255190035132,
        "f1_score": 0.9971255190035132,
        "n_samples": 6262
    }
}