{
    "test_easy": {
        "loss": 0.026279101525890948,
        "accuracy": 0.9907514450867052,
        "f1_score": 0.9907622070246813,
        "n_samples": 865
    },
    "test": {
        "loss": 0.017829844851455282,
        "accuracy": 0.9941955974153981,
        "f1_score": 0.9941961732749337,
        "n_samples": 9131
    },
    "test_hard": {
        "loss": 0.04088182269805622,
        "accuracy": 0.9860279441117764,
        "f1_score": 0.986008901169917,
        "n_samples": 2004
    },
    "test_medium": {
        "loss": 0.009285486771756946,
        "accuracy": 0.9972852123922069,
        "f1_score": 0.9972855910313576,
        "n_samples": 6262
    }
}