{
    "best_epoch": 31,
    "best_val_loss": 0.01743991593496632,
    "best_val_accuracy": 0.9962751971954426,
    "experiment_id": "params_828dca1639",
    "experiment_completed": true,
    "test_easy_accuracy": 0.9953757225433526,
    "test_easy_f1_score": 0.9953797360073741,
    "test_accuracy": 0.9957288358339722,
    "test_f1_score": 0.9957295911514707,
    "test_hard_accuracy": 0.9915169660678643,
    "test_hard_f1_score": 0.9915097489882102,
    "test_medium_accuracy": 0.9971255190035132,
    "test_medium_f1_score": 0.9971255190035132
}