{
    "best_epoch": 17,
    "best_val_loss": 0.012581419079100228,
    "best_val_accuracy": 0.996603856266433,
    "experiment_id": "params_828dca1639",
    "experiment_completed": true,
    "test_easy_accuracy": 0.9907514450867052,
    "test_easy_f1_score": 0.9907622070246813,
    "test_accuracy": 0.9941955974153981,
    "test_f1_score": 0.9941961732749337,
    "test_hard_accuracy": 0.9860279441117764,
    "test_hard_f1_score": 0.986008901169917,
    "test_medium_accuracy": 0.9972852123922069,
    "test_medium_f1_score": 0.9972855910313576
}