{
    "best_val_accuracy": 0.8343838296022604,
    "best_val_loss": 0.5337780315224125,
    "best_experiment_id": "params_828dca1639",
    "best_experiment_params": {
        "model": "mlp",
        "task": "HumanActivityRecognition",
        "task_name": "HumanActivityRecognition",
        "seed": 42,
        "num_classes": 5,
        "batch_size": 128,
        "learning_rate": 0.001,
        "weight_decay": 1e-05,
        "epochs": 100,
        "warmup_epochs": 5,
        "patience": 15,
        "win_len": 500,
        "feature_size": 232,
        "test_splits": [
            "test_id",
            "test_cross_device",
            "test_cross_user_env",
            "test_instance",
            "test_cross_user",
            "test_cross_env"
        ]
    },
    "best_test_accuracies": {
        "test": 0.8420252064319861,
        "test_cross_device": 0.40639601287509086,
        "test_cross_user_env": 0.4228370382216536,
        "test_instance": 0.38288288288288286,
        "test_cross_user": 0.4742753323973904,
        "test_cross_env": 0.32917293233082706
    },
    "best_test_f1_scores": {
        "test": 0.8372770600331483,
        "test_cross_device": 0.3609480780178392,
        "test_cross_user_env": 0.3896422919419542,
        "test_instance": 0.3040105787232224,
        "test_cross_user": 0.4153201903519134,
        "test_cross_env": 0.32414569728024495
    },
    "timestamp": "2026-06-19 21:10:33"
}