{
  "task": "FallDetection",
  "model": "vit",
  "mode": "supervised",
  "results": {
    "test": {
      "acc": 0.8720812182741117,
      "f1": 0.8731264898238469
    },
    "test_easy": {
      "acc": 0.899888765294772,
      "f1": 0.9005707797250286
    },
    "test_medium": {
      "acc": 0.7058823529411765,
      "f1": 0.6929541047188107
    },
    "test_hard": {
      "acc": 0.5507246376811594,
      "f1": 0.3911689015305431
    }
  }
}