{
  "task": "FallDetection",
  "model": "resnet18",
  "mode": "supervised",
  "results": {
    "test": {
      "acc": 0.9583756345177665,
      "f1": 0.9584302326256954
    },
    "test_easy": {
      "acc": 0.9866518353726362,
      "f1": 0.9866518353726362
    },
    "test_medium": {
      "acc": 0.7647058823529411,
      "f1": 0.7546218487394958
    },
    "test_hard": {
      "acc": 0.6376811594202898,
      "f1": 0.6215127730252521
    }
  }
}