{
  "task": "MotionSourceRecognition",
  "model": "vit",
  "mode": "supervised",
  "results": {
    "test": {
      "acc": 0.9944146314751944,
      "f1": 0.9944143105886594
    },
    "test_easy": {
      "acc": 0.4751445086705202,
      "f1": 0.4722828701174821
    },
    "test_medium": {
      "acc": 0.9952091983391887,
      "f1": 0.9952122483555733
    },
    "test_hard": {
      "acc": 0.9930139720558883,
      "f1": 0.9929948702678224
    }
  }
}