{
  "task": "HumanActivityRecognition",
  "model": "patchtst",
  "mode": "ood",
  "results": {
    "test": {
      "acc": 0.8741851368970013,
      "f1": 0.8732698133669129
    },
    "test_cross_device": {
      "acc": 0.41428719759111204,
      "f1": 0.407537888821577
    },
    "test_cross_env": {
      "acc": 0.33278195488721807,
      "f1": 0.35210943361231517
    },
    "test_cross_user": {
      "acc": 0.5643736064084566,
      "f1": 0.5175846626646692
    }
  }
}