{
  "task": "HumanActivityRecognition",
  "model": "lstm",
  "mode": "ood",
  "results": {
    "test": {
      "acc": 0.9654498044328553,
      "f1": 0.965402701024163
    },
    "test_cross_device": {
      "acc": 0.3756619250337452,
      "f1": 0.38108708533450336
    },
    "test_cross_env": {
      "acc": 0.3888721804511278,
      "f1": 0.3682144857859973
    },
    "test_cross_user": {
      "acc": 0.49690312990337765,
      "f1": 0.4514131223614141
    }
  }
}