{
  "task": "HumanActivityRecognition",
  "model": "resnet18",
  "mode": "ood",
  "results": {
    "test": {
      "acc": 0.989787049109083,
      "f1": 0.9897755118369407
    },
    "test_cross_device": {
      "acc": 0.2916623403592566,
      "f1": 0.299752082402198
    },
    "test_cross_env": {
      "acc": 0.29413533834586464,
      "f1": 0.31485534353261035
    },
    "test_cross_user": {
      "acc": 0.452886282930052,
      "f1": 0.43294943585234197
    }
  }
}