{
  "task": "MotionSourceRecognition",
  "model": "resnet18",
  "mode": "supervised",
  "results": {
    "test": {
      "acc": 0.9984667615814259,
      "f1": 0.9984675045880241
    },
    "test_easy": {
      "acc": 0.47630057803468207,
      "f1": 0.4757233632599516
    },
    "test_medium": {
      "acc": 0.998403066113063,
      "f1": 0.9984046400568314
    },
    "test_hard": {
      "acc": 0.9985029940119761,
      "f1": 0.9985022804706528
    }
  }
}