{
  "task": "HumanActivityRecognition",
  "model": "vit_paper",
  "mode": "ood",
  "results": {
    "test": {
      "acc": 0.9658843980877879,
      "f1": 0.9658892129317582
    },
    "test_cross_device": {
      "acc": 0.399127816426124,
      "f1": 0.39289167779423784
    },
    "test_cross_env": {
      "acc": 0.4130827067669173,
      "f1": 0.4054027367975376
    },
    "test_cross_user": {
      "acc": 0.5075563630357586,
      "f1": 0.4756120795266209
    }
  }
}