{
  "task": "FallDetection",
  "model": "mlp",
  "mode": "supervised",
  "results": {
    "test": {
      "acc": 0.8385786802030457,
      "f1": 0.8389576578321868
    },
    "test_easy": {
      "acc": 0.8698553948832035,
      "f1": 0.8693302379097053
    },
    "test_medium": {
      "acc": 0.35294117647058826,
      "f1": 0.3393188854489164
    },
    "test_hard": {
      "acc": 0.5507246376811594,
      "f1": 0.3911689015305431
    }
  }
}