{
  "task": "FallDetection",
  "model": "mlp",
  "mode": "supervised",
  "results": {
    "test": {
      "acc": 0.8324873096446701,
      "f1": 0.833642328158213
    },
    "test_easy": {
      "acc": 0.8620689655172413,
      "f1": 0.8626208512864575
    },
    "test_medium": {
      "acc": 0.4117647058823529,
      "f1": 0.4117647058823529
    },
    "test_hard": {
      "acc": 0.5507246376811594,
      "f1": 0.3911689015305431
    }
  }
}