{
  "task": "HumanActivityRecognition",
  "model": "mlp",
  "mode": "ood",
  "results": {
    "test": {
      "acc": 0.5458496305953933,
      "f1": 0.4177184071654284
    },
    "test_cross_device": {
      "acc": 0.508669920049839,
      "f1": 0.3430108655642342
    },
    "test_cross_env": {
      "acc": 0.5124812030075188,
      "f1": 0.34790432035547214
    },
    "test_cross_user": {
      "acc": 0.5042530349326947,
      "f1": 0.3394272923613482
    }
  }
}