{
  "mae_200": {
    "FallDetection": {
      "val": {
        "knn": {
          "(1, 5)": 0.7152917505030181,
          "(1, 10)": 0.7062374245472837,
          "(4, 5)": 0.7344064386317908,
          "(4, 10)": 0.7313883299798792,
          "(8, 5)": 0.7193158953722334,
          "(8, 10)": 0.7112676056338029,
          "(12, 5)": 0.7173038229376257,
          "(12, 10)": 0.7142857142857143
        },
        "linear_probe": {
          "layer_1": 0.7183,
          "layer_4": 0.7485,
          "layer_8": 0.7304,
          "layer_12": 0.7334
        }
      },
      "test_easy": {
        "knn": {
          "(1, 5)": 0.7586206896551724,
          "(1, 10)": 0.7397107897664071,
          "(4, 5)": 0.7853170189098999,
          "(4, 10)": 0.7753058954393771,
          "(8, 5)": 0.7764182424916574,
          "(8, 10)": 0.7664071190211346,
          "(12, 5)": 0.764182424916574,
          "(12, 10)": 0.7652947719688543
        },
        "linear_probe": {
          "layer_1": 0.7731,
          "layer_4": 0.7898,
          "layer_8": 0.7686,
          "layer_12": 0.7764
        }
      },
      "test_hard": {
        "knn": {
          "(1, 5)": 0.6231884057971014,
          "(1, 10)": 0.6086956521739131,
          "(4, 5)": 0.6376811594202898,
          "(4, 10)": 0.6376811594202898,
          "(8, 5)": 0.5942028985507246,
          "(8, 10)": 0.6231884057971014,
          "(12, 5)": 0.6086956521739131,
          "(12, 10)": 0.5942028985507246
        },
        "linear_probe": {
          "layer_1": 0.5507,
          "layer_4": 0.5507,
          "layer_8": 0.5507,
          "layer_12": 0.5507
        }
      }
    },
    "MotionSourceRecognition": {
      "val": {
        "knn": {
          "(1, 5)": 0.9674627519719544,
          "(1, 10)": 0.9677914110429447,
          "(4, 5)": 0.9920026292725679,
          "(4, 10)": 0.9910166520595969,
          "(8, 5)": 0.9993426818580193,
          "(8, 10)": 0.9983567046450482,
          "(12, 5)": 0.9990140227870289,
          "(12, 10)": 0.9980280455740579
        },
        "linear_probe": {
          "layer_1": 0.7422,
          "layer_4": 0.8384,
          "layer_8": 0.7445,
          "layer_12": 0.7851
        }
      },
      "test_easy": {
        "knn": {
          "(1, 5)": 0.9630057803468208,
          "(1, 10)": 0.9572254335260115,
          "(4, 5)": 0.9930635838150289,
          "(4, 10)": 0.9838150289017341,
          "(8, 5)": 1.0,
          "(8, 10)": 0.9988439306358381,
          "(12, 5)": 0.9988439306358381,
          "(12, 10)": 0.9976878612716763
        },
        "linear_probe": {
          "layer_1": 0.6439,
          "layer_4": 0.837,
          "layer_8": 0.7006,
          "layer_12": 0.6798
        }
      },
      "test_hard": {
        "knn": {
          "(1, 5)": 0.9456087824351297,
          "(1, 10)": 0.9391217564870259,
          "(4, 5)": 0.9910179640718563,
          "(4, 10)": 0.9865269461077845,
          "(8, 5)": 0.9985029940119761,
          "(8, 10)": 0.9975049900199601,
          "(12, 5)": 0.998003992015968,
          "(12, 10)": 0.9965069860279441
        },
        "linear_probe": {
          "layer_1": 0.6083,
          "layer_4": 0.732,
          "layer_8": 0.6252,
          "layer_12": 0.6821
        }
      }
    }
  },
  "mae_300": {
    "FallDetection": {
      "val": {
        "knn": {
          "(1, 5)": 0.7746478873239436,
          "(1, 10)": 0.7716297786720322,
          "(4, 5)": 0.7575452716297787,
          "(4, 10)": 0.7484909456740443,
          "(8, 5)": 0.7223340040241448,
          "(8, 10)": 0.6991951710261569,
          "(12, 5)": 0.7062374245472837,
          "(12, 10)": 0.6881287726358148
        },
        "linear_probe": {
          "layer_1": 0.7475,
          "layer_4": 0.7505,
          "layer_8": 0.7334,
          "layer_12": 0.7203
        }
      },
      "test_easy": {
        "knn": {
          "(1, 5)": 0.8298109010011123,
          "(1, 10)": 0.8064516129032258,
          "(4, 5)": 0.7986651835372637,
          "(4, 10)": 0.7686318131256952,
          "(8, 5)": 0.7675194660734149,
          "(8, 10)": 0.7497219132369299,
          "(12, 5)": 0.7397107897664071,
          "(12, 10)": 0.7363737486095662
        },
        "linear_probe": {
          "layer_1": 0.7931,
          "layer_4": 0.792,
          "layer_8": 0.7875,
          "layer_12": 0.7675
        }
      },
      "test_hard": {
        "knn": {
          "(1, 5)": 0.6956521739130435,
          "(1, 10)": 0.6811594202898551,
          "(4, 5)": 0.5797101449275363,
          "(4, 10)": 0.6231884057971014,
          "(8, 5)": 0.6086956521739131,
          "(8, 10)": 0.6086956521739131,
          "(12, 5)": 0.5797101449275363,
          "(12, 10)": 0.6231884057971014
        },
        "linear_probe": {
          "layer_1": 0.5507,
          "layer_4": 0.5652,
          "layer_8": 0.5797,
          "layer_12": 0.5652
        }
      }
    },
    "MotionSourceRecognition": {
      "val": {
        "knn": {
          "(1, 5)": 0.9418273444347064,
          "(1, 10)": 0.938321647677476,
          "(4, 5)": 0.9928790534618755,
          "(4, 10)": 0.990578439964943,
          "(8, 5)": 0.9989044697633654,
          "(8, 10)": 0.9982471516213848,
          "(12, 5)": 0.9989044697633654,
          "(12, 10)": 0.9981375985977213
        },
        "linear_probe": {
          "layer_1": 0.7485,
          "layer_4": 0.823,
          "layer_8": 0.763,
          "layer_12": 0.8052
        }
      },
      "test_easy": {
        "knn": {
          "(1, 5)": 0.9375722543352601,
          "(1, 10)": 0.922543352601156,
          "(4, 5)": 0.991907514450867,
          "(4, 10)": 0.9884393063583815,
          "(8, 5)": 1.0,
          "(8, 10)": 0.9988439306358381,
          "(12, 5)": 1.0,
          "(12, 10)": 0.9988439306358381
        },
        "linear_probe": {
          "layer_1": 0.6775,
          "layer_4": 0.7884,
          "layer_8": 0.7064,
          "layer_12": 0.7237
        }
      },
      "test_hard": {
        "knn": {
          "(1, 5)": 0.8987025948103793,
          "(1, 10)": 0.8917165668662674,
          "(4, 5)": 0.9910179640718563,
          "(4, 10)": 0.9855289421157685,
          "(8, 5)": 0.999001996007984,
          "(8, 10)": 0.998003992015968,
          "(12, 5)": 0.9975049900199601,
          "(12, 10)": 0.9965069860279441
        },
        "linear_probe": {
          "layer_1": 0.6617,
          "layer_4": 0.7485,
          "layer_8": 0.6662,
          "layer_12": 0.747
        }
      }
    }
  },
  "mae_500": {
    "FallDetection": {
      "val": {
        "knn": {
          "(1, 5)": 0.8762575452716298,
          "(1, 10)": 0.8511066398390342,
          "(4, 5)": 0.9054325955734407,
          "(4, 10)": 0.8752515090543259,
          "(8, 5)": 0.9265593561368209,
          "(8, 10)": 0.892354124748491,
          "(12, 5)": 0.9356136820925554,
          "(12, 10)": 0.892354124748491
        },
        "linear_probe": {
          "layer_1": 0.8048,
          "layer_4": 0.8089,
          "layer_8": 0.8189,
          "layer_12": 0.8249
        }
      },
      "test_easy": {
        "knn": {
          "(1, 5)": 0.9221357063403782,
          "(1, 10)": 0.8854282536151279,
          "(4, 5)": 0.9555061179087876,
          "(4, 10)": 0.9199110122358176,
          "(8, 5)": 0.949944382647386,
          "(8, 10)": 0.9265850945494994,
          "(12, 5)": 0.9577308120133482,
          "(12, 10)": 0.9332591768631813
        },
        "linear_probe": {
          "layer_1": 0.8532,
          "layer_4": 0.8665,
          "layer_8": 0.8699,
          "layer_12": 0.8754
        }
      },
      "test_hard": {
        "knn": {
          "(1, 5)": 0.6376811594202898,
          "(1, 10)": 0.6376811594202898,
          "(4, 5)": 0.7101449275362319,
          "(4, 10)": 0.6666666666666666,
          "(8, 5)": 0.7246376811594203,
          "(8, 10)": 0.6956521739130435,
          "(12, 5)": 0.6956521739130435,
          "(12, 10)": 0.6811594202898551
        },