{
  "mae_341k_200": {
    "FallDetection": {
      "val": {
        "knn": {
          "(1, 5)": 0.7796780684104627,
          "(1, 10)": 0.7756539235412475,
          "(1, 20)": 0.7505030181086519,
          "(4, 5)": 0.8963782696177063,
          "(4, 10)": 0.8762575452716298,
          "(4, 20)": 0.8400402414486922,
          "(8, 5)": 0.9064386317907445,
          "(8, 10)": 0.886317907444668,
          "(8, 20)": 0.8460764587525151,
          "(12, 5)": 0.9225352112676056,
          "(12, 10)": 0.8903420523138833,
          "(12, 20)": 0.8621730382293763
        },
        "best_knn": 0.9225,
        "best_knn_at": "(12, 5)",
        "linear_probe": {
          "layer_1": 0.7877,
          "layer_4": 0.8099,
          "layer_8": 0.8129,
          "layer_12": 0.833
        },
        "best_lp": 0.833,
        "best_lp_layer": 12
      },
      "test": {
        "knn": {
          "(1, 5)": 0.8212809917355371,
          "(1, 10)": 0.8088842975206612,
          "(1, 20)": 0.7975206611570248,
          "(4, 5)": 0.9276859504132231,
          "(4, 10)": 0.8977272727272727,
          "(4, 20)": 0.8698347107438017,
          "(8, 5)": 0.9194214876033058,
          "(8, 10)": 0.8853305785123967,
          "(8, 20)": 0.875,
          "(12, 5)": 0.9163223140495868,
          "(12, 10)": 0.8894628099173554,
          "(12, 20)": 0.8739669421487604
        },
        "best_knn": 0.9277,
        "best_knn_at": "(4, 5)",
        "linear_probe": {
          "layer_1": 0.8171,
          "layer_4": 0.8295,
          "layer_8": 0.8512,
          "layer_12": 0.875
        },
        "best_lp": 0.875,
        "best_lp_layer": 12
      }
    },
    "MotionSourceRecognition": {
      "val": {
        "knn": {
          "(1, 5)": 0.8945004382120947,
          "(1, 10)": 0.8949386503067485,
          "(1, 20)": 0.8831069237510956,
          "(4, 5)": 0.9822524101665207,
          "(4, 10)": 0.9794040315512709,
          "(4, 20)": 0.9744741454864154,
          "(8, 5)": 0.9979184925503944,
          "(8, 10)": 0.9970420683610868,
          "(8, 20)": 0.9949605609114811,
          "(12, 5)": 0.998794916739702,
          "(12, 10)": 0.9982471516213848,
          "(12, 20)": 0.9964943032427696
        },
        "best_knn": 0.9988,
        "best_knn_at": "(12, 5)",
        "linear_probe": {
          "layer_1": 0.6613,
          "layer_4": 0.7619,
          "layer_8": 0.7972,
          "layer_12": 0.8237
        },
        "best_lp": 0.8237,
        "best_lp_layer": 12
      },
      "test": {
        "knn": {
          "(1, 5)": 0.8462879051934472,
          "(1, 10)": 0.8386197281282677,
          "(1, 20)": 0.825374695015685,
          "(4, 5)": 0.9745555942837225,
          "(4, 10)": 0.9714186127570582,
          "(4, 20)": 0.9703729522481701,
          "(8, 5)": 0.9972115719762984,
          "(8, 10)": 0.996514464970373,
          "(8, 20)": 0.9933774834437086,
          "(12, 5)": 0.9986057859881492,
          "(12, 10)": 0.9986057859881492,
          "(12, 20)": 0.9954688044614849
        },
        "best_knn": 0.9986,
        "best_knn_at": "(12, 5)",
        "linear_probe": {
          "layer_1": 0.5458,
          "layer_4": 0.6786,
          "layer_8": 0.7166,
          "layer_12": 0.7578
        },
        "best_lp": 0.7578,
        "best_lp_layer": 12
      }
    }
  },
  "mae_341k_300": {
    "FallDetection": {
      "val": {
        "knn": {
          "(1, 5)": 0.7505030181086519,
          "(1, 10)": 0.7374245472837022,
          "(1, 20)": 0.6841046277665996,
          "(4, 5)": 0.8953722334004024,
          "(4, 10)": 0.8712273641851107,
          "(4, 20)": 0.8480885311871227,
          "(8, 5)": 0.9104627766599598,
          "(8, 10)": 0.8712273641851107,
          "(8, 20)": 0.8511066398390342,
          "(12, 5)": 0.9134808853118712,
          "(12, 10)": 0.8792756539235412,
          "(12, 20)": 0.8511066398390342
        },
        "best_knn": 0.9135,
        "best_knn_at": "(12, 5)",
        "linear_probe": {
          "layer_1": 0.7827,
          "layer_4": 0.8038,
          "layer_8": 0.8109,
          "layer_12": 0.8189
        },
        "best_lp": 0.8189,
        "best_lp_layer": 12
      },
      "test": {
        "knn": {
          "(1, 5)": 0.7851239669421488,
          "(1, 10)": 0.7603305785123967,
          "(1, 20)": 0.7076446280991735,
          "(4, 5)": 0.9287190082644629,
          "(4, 10)": 0.8946280991735537,
          "(4, 20)": 0.8708677685950413,
          "(8, 5)": 0.9152892561983471,
          "(8, 10)": 0.8853305785123967,
          "(8, 20)": 0.8770661157024794,
          "(12, 5)": 0.9235537190082644,
          "(12, 10)": 0.8997933884297521,
          "(12, 20)": 0.8822314049586777
        },
        "best_knn": 0.9287,
        "best_knn_at": "(4, 5)",
        "linear_probe": {
          "layer_1": 0.7882,
          "layer_4": 0.8368,
          "layer_8": 0.845,
          "layer_12": 0.8419
        },
        "best_lp": 0.845,
        "best_lp_layer": 8
      }
    },
    "MotionSourceRecognition": {
      "val": {
        "knn": {
          "(1, 5)": 0.8615249780893953,
          "(1, 10)": 0.860977212971078,
          "(1, 20)": 0.8429009640666082,
          "(4, 5)": 0.9723926380368099,
          "(4, 10)": 0.9689964943032428,
          "(4, 20)": 0.9636283961437335,
          "(8, 5)": 0.9980280455740579,
          "(8, 10)": 0.9969325153374233,
          "(8, 20)": 0.9940841367221736,
          "(12, 5)": 0.9984662576687117,
          "(12, 10)": 0.9968229623137599,
          "(12, 20)": 0.9940841367221736
        },
        "best_knn": 0.9985,
        "best_knn_at": "(12, 5)",
        "linear_probe": {
          "layer_1": 0.6582,
          "layer_4": 0.7171,
          "layer_8": 0.7404,
          "layer_12": 0.6728
        },
        "best_lp": 0.7404,
        "best_lp_layer": 8
      },
      "test": {
        "knn": {
          "(1, 5)": 0.8009759498082956,
          "(1, 10)": 0.7926106657371906,
          "(1, 20)": 0.7776228651097944,
          "(4, 5)": 0.9616591146741025,
          "(4, 10)": 0.9571279191355873,
          "(4, 20)": 0.9473684210526315,
          "(8, 5)": 0.9982572324851865,
          "(8, 10)": 0.9968630184733357,
          "(8, 20)": 0.9954688044614849,
          "(12, 5)": 0.9996514464970373,
          "(12, 10)": 0.9972115719762984,
          "(12, 20)": 0.9944231439525967
        },
        "best_knn": 0.9997,
        "best_knn_at": "(12, 5)",
        "linear_probe": {
          "layer_1": 0.5915,
          "layer_4": 0.6351,
          "layer_8": 0.6577,
          "layer_12": 0.5671
        },
        "best_lp": 0.6577,
        "best_lp_layer": 8
      }
    }
  },
  "mae_341k_500": {
    "FallDetection": {
      "val": {
        "knn": {
          "(1, 5)": 0.7967806841046278,
          "(1, 10)": 0.7907444668008048,
          "(1, 20)": 0.7454728370221329,
          "(4, 5)": 0.8993963782696177,
          "(4, 10)": 0.8631790744466801,
          "(4, 20)": 0.8340040241448692,
          "(8, 5)": 0.9235412474849095,
          "(8, 10)": 0.886317907444668,
          "(8, 20)": 0.8450704225352113,
          "(12, 5)": 0.9185110663983903,
          "(12, 10)": 0.892354124748491,
          "(12, 20)": 0.8531187122736419
        },
        "best_knn": 0.9235,
        "best_knn_at": "(8, 5)",
        "linear_probe": {
          "layer_1": 0.7867,
          "layer_4": 0.8008,
          "layer_8": 0.8229,
          "layer_12": 0.829
        },
        "best_lp": 0.829,
        "best_lp_layer": 12
      },
      "test": {
        "knn": {
          "(1, 5)": 0.8409090909090909,
          "(1, 10)": 0.8264462809917356,
          "(1, 20)": 0.7995867768595041,
          "(4, 5)": 0.9214876033057852,
          "(4, 10)": 0.893595041322314,
          "(4, 20)": 0.8729338842975206,
          "(8, 5)": 0.9225206611570248,
          "(8, 10)": 0.8966942148760331,
          "(8, 20)": 0.8760330578512396,
          "(12, 5)": 0.9338842975206612,
          "(12, 10)": 0.9018595041322314,