{
  "mae_341k_200": {
    "FallDetection": {
      "val": {
        "knn": {
          "(1, 5)": 0.7796780684104627,
          "(1, 10)": 0.7756539235412475,
          "(1, 20)": 0.7505030181086519,
          "(4, 5)": 0.8963782696177063,
          "(4, 10)": 0.8762575452716298,
          "(4, 20)": 0.8400402414486922,
          "(8, 5)": 0.9064386317907445,
          "(8, 10)": 0.886317907444668,
          "(8, 20)": 0.8460764587525151,
          "(12, 5)": 0.9225352112676056,
          "(12, 10)": 0.8903420523138833,
          "(12, 20)": 0.8621730382293763
        },
        "best_knn": 0.9225,
        "best_knn_at": "(12, 5)",
        "linear_probe": {
          "layer_1": 0.7867,
          "layer_4": 0.8089,
          "layer_8": 0.8099,
          "layer_12": 0.828
        },
        "best_lp": 0.828,
        "best_lp_layer": 12
      },
      "test": {
        "knn": {
          "(1, 5)": 0.8212809917355371,
          "(1, 10)": 0.8088842975206612,
          "(1, 20)": 0.7975206611570248,
          "(4, 5)": 0.9276859504132231,
          "(4, 10)": 0.8977272727272727,
          "(4, 20)": 0.8698347107438017,
          "(8, 5)": 0.9194214876033058,
          "(8, 10)": 0.8853305785123967,
          "(8, 20)": 0.875,
          "(12, 5)": 0.9163223140495868,
          "(12, 10)": 0.8894628099173554,
          "(12, 20)": 0.8739669421487604
        },
        "best_knn": 0.9277,
        "best_knn_at": "(4, 5)",
        "linear_probe": {
          "layer_1": 0.8192,
          "layer_4": 0.8337,
          "layer_8": 0.8533,
          "layer_12": 0.8688
        },
        "best_lp": 0.8688,
        "best_lp_layer": 12
      }
    },
    "MotionSourceRecognition": {
      "val": {
        "knn": {
          "(1, 5)": 0.8945004382120947,
          "(1, 10)": 0.8949386503067485,
          "(1, 20)": 0.8831069237510956,
          "(4, 5)": 0.9822524101665207,
          "(4, 10)": 0.9794040315512709,
          "(4, 20)": 0.9744741454864154,
          "(8, 5)": 0.9979184925503944,
          "(8, 10)": 0.9970420683610868,
          "(8, 20)": 0.9950701139351447,
          "(12, 5)": 0.998794916739702,
          "(12, 10)": 0.9982471516213848,
          "(12, 20)": 0.9964943032427696
        },
        "best_knn": 0.9988,
        "best_knn_at": "(12, 5)",
        "linear_probe": {
          "layer_1": 0.6617,
          "layer_4": 0.7613,
          "layer_8": 0.7965,
          "layer_12": 0.8243
        },
        "best_lp": 0.8243,
        "best_lp_layer": 12
      },
      "test": {
        "knn": {
          "(1, 5)": 0.8462879051934472,
          "(1, 10)": 0.8386197281282677,
          "(1, 20)": 0.825374695015685,
          "(4, 5)": 0.9745555942837225,
          "(4, 10)": 0.9714186127570582,
          "(4, 20)": 0.9703729522481701,
          "(8, 5)": 0.9972115719762984,
          "(8, 10)": 0.996514464970373,
          "(8, 20)": 0.9933774834437086,
          "(12, 5)": 0.9986057859881492,
          "(12, 10)": 0.9986057859881492,
          "(12, 20)": 0.9954688044614849
        },
        "best_knn": 0.9986,
        "best_knn_at": "(12, 5)",
        "linear_probe": {
          "layer_1": 0.5483,
          "layer_4": 0.6793,
          "layer_8": 0.7191,
          "layer_12": 0.7591
        },
        "best_lp": 0.7591,
        "best_lp_layer": 12
      }
    }
  },
  "mae_341k_500": {
    "FallDetection": {
      "val": {
        "knn": {
          "(1, 5)": 0.7967806841046278,
          "(1, 10)": 0.7907444668008048,
          "(1, 20)": 0.7454728370221329,
          "(4, 5)": 0.8993963782696177,
          "(4, 10)": 0.8631790744466801,
          "(4, 20)": 0.8340040241448692,
          "(8, 5)": 0.9235412474849095,
          "(8, 10)": 0.886317907444668,
          "(8, 20)": 0.8450704225352113,
          "(12, 5)": 0.9185110663983903,
          "(12, 10)": 0.892354124748491,
          "(12, 20)": 0.8531187122736419
        },
        "best_knn": 0.9235,
        "best_knn_at": "(8, 5)",
        "linear_probe": {
          "layer_1": 0.7877,
          "layer_4": 0.8018,
          "layer_8": 0.8219,
          "layer_12": 0.828
        },
        "best_lp": 0.828,
        "best_lp_layer": 12
      },
      "test": {
        "knn": {
          "(1, 5)": 0.8409090909090909,
          "(1, 10)": 0.8264462809917356,
          "(1, 20)": 0.7995867768595041,
          "(4, 5)": 0.9214876033057852,
          "(4, 10)": 0.893595041322314,
          "(4, 20)": 0.8729338842975206,
          "(8, 5)": 0.9225206611570248,
          "(8, 10)": 0.8966942148760331,
          "(8, 20)": 0.8760330578512396,
          "(12, 5)": 0.9338842975206612,
          "(12, 10)": 0.9018595041322314,
          "(12, 20)": 0.8842975206611571
        },
        "best_knn": 0.9339,
        "best_knn_at": "(12, 5)",
        "linear_probe": {
          "layer_1": 0.811,
          "layer_4": 0.8316,
          "layer_8": 0.845,
          "layer_12": 0.8533
        },
        "best_lp": 0.8533,
        "best_lp_layer": 12
      }
    },
    "MotionSourceRecognition": {
      "val": {
        "knn": {
          "(1, 5)": 0.9077563540753725,
          "(1, 10)": 0.9039219982471516,
          "(1, 20)": 0.894829097283085,
          "(4, 5)": 0.9820333041191937,
          "(4, 10)": 0.9792944785276073,
          "(4, 20)": 0.97556967572305,
          "(8, 5)": 0.9983567046450482,
          "(8, 10)": 0.9973707274320771,
          "(8, 20)": 0.9950701139351447,
          "(12, 5)": 0.9989044697633654,
          "(12, 10)": 0.9979184925503944,
          "(12, 20)": 0.9962751971954426
        },
        "best_knn": 0.9989,
        "best_knn_at": "(12, 5)",
        "linear_probe": {
          "layer_1": 0.6243,
          "layer_4": 0.7275,
          "layer_8": 0.8221,
          "layer_12": 0.8504
        },
        "best_lp": 0.8504,
        "best_lp_layer": 12
      },
      "test": {
        "knn": {
          "(1, 5)": 0.8828860230045312,
          "(1, 10)": 0.8713837574067619,
          "(1, 20)": 0.860578598814918,
          "(4, 5)": 0.9794353433252004,
          "(4, 10)": 0.9742070407807598,
          "(4, 20)": 0.9707215057511328,
          "(8, 5)": 0.9982572324851865,
          "(8, 10)": 0.9968630184733357,
          "(8, 20)": 0.9951202509585221,
          "(12, 5)": 0.9986057859881492,
          "(12, 10)": 0.9982572324851865,
          "(12, 20)": 0.9954688044614849
        },
        "best_knn": 0.9986,
        "best_knn_at": "(12, 5)",
        "linear_probe": {
          "layer_1": 0.5396,
          "layer_4": 0.6319,
          "layer_8": 0.7626,
          "layer_12": 0.8188
        },
        "best_lp": 0.8188,
        "best_lp_layer": 12
      }
    }
  }
}