,precision,recall,f1-score,support
Nonhuman,0.9828732621398347,0.9904568527918781,0.9866504854368932,4925.0
Human,0.9887236084452975,0.9797907750832144,0.9842369238117984,4206.0
accuracy,0.9855437520534444,0.9855437520534444,0.9855437520534444,0.9855437520534444
macro avg,0.9857984352925662,0.9851238139375462,0.9854437046243458,9131.0
weighted avg,0.9855680991303918,0.9855437520534444,0.9855387298575318,9131.0
