,precision,recall,f1-score,support
Fan,0.9629629629629629,1.0,0.9811320754716981,104.0
Human,0.9974311926605505,0.984425932633104,0.990885891359825,2761.0
IRobot,0.9737991266375546,0.9977628635346756,0.9856353591160221,447.0
Pet,0.9902389767754964,0.9972881355932204,0.9937510555649384,2950.0
accuracy,0.9916959437879271,0.9916959437879271,0.9916959437879271,0.9916959437879271
macro avg,0.981108064759141,0.99486923294025,0.9878510953781209,6262.0
weighted avg,0.9917835934491583,0.9916959437879271,0.9916988663901251,6262.0
