,precision,recall,f1-score,support
Nonhuman,0.9746416758544653,0.9703622392974753,0.9724972497249725,911.0
Human,0.97538742023701,0.9789569990850869,0.9771689497716894,1093.0
accuracy,0.9750499001996008,0.9750499001996008,0.9750499001996008,0.9750499001996008
macro avg,0.9750145480457376,0.9746596191912811,0.974833099748331,2004.0
weighted avg,0.9750484116878592,0.9750499001996008,0.9750452378243047,2004.0
