,precision,recall,f1-score,support
Nonhuman,0.9980119284294234,0.9785575048732943,0.9881889763779528,513.0
Human,0.9696132596685083,0.9971590909090909,0.9831932773109243,352.0
accuracy,0.9861271676300578,0.9861271676300578,0.9861271676300578,0.9861271676300578
macro avg,0.9838125940489659,0.9878582978911926,0.9856911268444386,865.0
weighted avg,0.9864554759394326,0.9861271676300578,0.9861560445032775,865.0
