,precision,recall,f1-score,support
Fan,0.9576923076923077,0.9841897233201581,0.9707602339181286,253.0
Human,0.9939759036144579,0.9880239520958084,0.990990990990991,4175.0
IRobot,0.9704049844236761,0.9920382165605095,0.9811023622047244,628.0
Pet,0.9933758586849852,0.994351669941061,0.9938635247913599,4072.0
accuracy,0.9910166520595969,0.9910166520595969,0.9910166520595969,0.9910166520595969
macro avg,0.9788622636038568,0.9896508904793841,0.984179277976301,9128.0
weighted avg,0.9910808915665911,0.9910166520595969,0.9910313631664831,9128.0
