,precision,recall,f1-score,support
Fan,0.9652173913043478,0.9910714285714286,0.9779735682819384,224.0
Human,0.9918796274181992,0.9873989538754161,0.9896342189920172,4206.0
IRobot,0.9787234042553191,0.989247311827957,0.983957219251337,651.0
Pet,0.9903846153846154,0.9918518518518519,0.9911176905995559,4050.0
accuracy,0.9895958821596759,0.9895958821596759,0.9895958821596759,0.9895958821596759
macro avg,0.9815512595906204,0.9898923865316633,0.985670674281212,9131.0
weighted avg,0.9896244701621975,0.9895958821596759,0.9896014019314862,9131.0
