,precision,recall,f1-score,support
Fan,0.9375,1.0,0.967741935483871,60.0
Human,0.9836512261580381,0.9908508691674291,0.9872379216043756,1093.0
IRobot,1.0,0.9705882352941176,0.9850746268656716,204.0
Pet,0.984399375975039,0.9752704791344667,0.9798136645962733,647.0
accuracy,0.9840319361277445,0.9840319361277445,0.9840319361277445,0.9840319361277445
macro avg,0.9763876505332693,0.9841773958990034,0.9799670371375478,2004.0
weighted avg,0.9841752427378174,0.9840319361277445,0.9840370405773456,2004.0
