,precision,recall,f1-score,support
Nonhuman,0.9829659318637275,0.9903089036947305,0.9866237554058132,4953.0
Human,0.9884001933301112,0.9796407185628743,0.9840009623481294,4175.0
accuracy,0.9854294478527608,0.9854294478527608,0.9854294478527608,0.9854294478527608
macro avg,0.9856830625969193,0.9849748111288024,0.9853123588769712,9128.0
weighted avg,0.9854514754244367,0.9854294478527608,0.9854241321569273,9128.0
