,precision,recall,f1-score,support
Fan,1.0,0.9666666666666667,0.9830508474576272,60.0
Human,0.9750692520775623,1.0,0.9873772791023843,352.0
IRobot,0.0,0.0,0.0,0.0
Pet,1.0,0.9801324503311258,0.9899665551839465,453.0
accuracy,0.9872832369942196,0.9872832369942196,0.9872832369942196,0.9872832369942196
macro avg,0.7437673130193906,0.7366997792494482,0.7400986704359895,865.0
weighted avg,0.9898547707876323,0.9872832369942196,0.9884331821847683,865.0
