{
    "test_easy": {
        "loss": 0.05185244103908442,
        "accuracy": 0.9861271676300578,
        "f1_score": 0.9861560445032775,
        "n_samples": 865
    },
    "test": {
        "loss": 0.0564574320080889,
        "accuracy": 0.9855437520534444,
        "f1_score": 0.9855387298575318,
        "n_samples": 9131
    },
    "test_hard": {
        "loss": 0.08709799779993584,
        "accuracy": 0.9750499001996008,
        "f1_score": 0.9750452378243047,
        "n_samples": 2004
    },
    "test_medium": {
        "loss": 0.04728777664578221,
        "accuracy": 0.9888214627914405,
        "f1_score": 0.9888095314102697,
        "n_samples": 6262
    }
}