{
    "best_epoch": 43,
    "best_val_loss": 0.03629706415971561,
    "best_val_accuracy": 0.9910166520595969,
    "experiment_id": "params_828dca1639",
    "experiment_completed": true,
    "test_easy_accuracy": 0.9872832369942196,
    "test_easy_f1_score": 0.9884331821847683,
    "test_accuracy": 0.9895958821596759,
    "test_f1_score": 0.9896014019314862,
    "test_hard_accuracy": 0.9840319361277445,
    "test_hard_f1_score": 0.9840370405773456,
    "test_medium_accuracy": 0.9916959437879271,
    "test_medium_f1_score": 0.9916988663901251
}