{
    "test_easy": {
        "loss": 0.05143673578102271,
        "accuracy": 0.9872832369942196,
        "f1_score": 0.9884331821847683,
        "n_samples": 865
    },
    "test": {
        "loss": 0.03796313007532469,
        "accuracy": 0.9895958821596759,
        "f1_score": 0.9896014019314862,
        "n_samples": 9131
    },
    "test_hard": {
        "loss": 0.05484242123289558,
        "accuracy": 0.9840319361277445,
        "f1_score": 0.9840370405773456,
        "n_samples": 2004
    },
    "test_medium": {
        "loss": 0.030700152584909917,
        "accuracy": 0.9916959437879271,
        "f1_score": 0.9916988663901251,
        "n_samples": 6262
    }
}