{
    "best_epoch": 38,
    "best_val_loss": 0.05115102405628123,
    "best_val_accuracy": 0.9854294478527608,
    "experiment_id": "params_828dca1639",
    "experiment_completed": true,
    "test_easy_accuracy": 0.9861271676300578,
    "test_easy_f1_score": 0.9861560445032775,
    "test_accuracy": 0.9855437520534444,
    "test_f1_score": 0.9855387298575318,
    "test_hard_accuracy": 0.9750499001996008,
    "test_hard_f1_score": 0.9750452378243047,
    "test_medium_accuracy": 0.9888214627914405,
    "test_medium_f1_score": 0.9888095314102697
}