{
    "best_val_accuracy": 0.9415344490328189,
    "best_val_loss": 0.17244146753590772,
    "best_experiment_id": "params_828dca1639",
    "best_experiment_params": {
        "model": "resnet18",
        "task": "HumanActivityRecognition",
        "task_name": "HumanActivityRecognition",
        "seed": 42,
        "num_classes": 5,
        "batch_size": 128,
        "learning_rate": 0.001,
        "weight_decay": 1e-05,
        "epochs": 100,
        "warmup_epochs": 5,
        "patience": 15,
        "win_len": 500,
        "feature_size": 232,
        "test_splits": [
            "test_id",
            "test_cross_device",
            "test_cross_user_env",
            "test_instance",
            "test_cross_user",
            "test_cross_env"
        ]
    },
    "best_test_accuracies": {
        "test": 0.944154715341156,
        "test_cross_device": 0.3374519779877479,
        "test_cross_user_env": 0.41729303267764806,
        "test_instance": 0.42567567567567566,
        "test_cross_user": 0.4765050788669585,
        "test_cross_env": 0.3094736842105263
    },
    "best_test_f1_scores": {
        "test": 0.944317866016417,
        "test_cross_device": 0.3548058597991211,
        "test_cross_user_env": 0.3941326376556476,
        "test_instance": 0.36378339224482453,
        "test_cross_user": 0.4183384034587501,
        "test_cross_env": 0.31190872282441806
    },
    "timestamp": "2026-06-26 11:22:15"
}