,precision,recall,f1-score,support
001,0.9965870307167235,1.0,0.9982905982905983,292.0
100,1.0,1.0,1.0,59.0
101,1.0,0.9891304347826086,0.994535519125683,92.0
110,0.9888888888888889,0.9888888888888889,0.9888888888888889,90.0
accuracy,0.9962476547842402,0.9962476547842402,0.9962476547842402,0.9962476547842402
macro avg,0.996368979901403,0.9945048309178743,0.9954287515762925,533.0
weighted avg,0.996254058103721,0.9962476547842402,0.9962441321959054,533.0
