,precision,recall,f1-score,support
001,0.9967532467532467,0.9967532467532467,0.9967532467532467,308.0
100,1.0,1.0,1.0,56.0
101,1.0,0.9894736842105263,0.9947089947089947,95.0
110,0.9777777777777777,0.9887640449438202,0.9832402234636871,89.0
accuracy,0.9945255474452555,0.9945255474452555,0.9945255474452555,0.9945255474452555
macro avg,0.9936327561327561,0.9937477439768982,0.9936756162314822,548.0
weighted avg,0.9945660989456611,0.9945255474452555,0.9945360116525961,548.0
