{
    "test": {
        "loss": 0.015473589654604014,
        "accuracy": 0.9945255474452555,
        "f1_score": 0.9945360116525961,
        "n_samples": 548
    },
    "test_medium_id": {
        "loss": null,
        "accuracy": null,
        "f1_score": null,
        "n_samples": 0
    },
    "test_easy_id": {
        "loss": null,
        "accuracy": null,
        "f1_score": null,
        "n_samples": 0
    },
    "test_hard_id": {
        "loss": 0.015473589654604014,
        "accuracy": 0.9945255474452555,
        "f1_score": 0.9945360116525961,
        "n_samples": 548
    }
}