{
    "best_epoch": 29,
    "best_val_loss": 0.017015004820167656,
    "best_val_accuracy": 0.9962476547842402,
    "experiment_id": "params_828dca1639",
    "experiment_completed": true,
    "test_accuracy": 0.9945255474452555,
    "test_f1_score": 0.9945360116525961,
    "test_medium_id_accuracy": null,
    "test_medium_id_f1_score": null,
    "test_easy_id_accuracy": null,
    "test_easy_id_f1_score": null,
    "test_hard_id_accuracy": 0.9945255474452555,
    "test_hard_id_f1_score": 0.9945360116525961
}