{
    "best_val_accuracy": 0.9521843077591828,
    "best_val_loss": 0.1498917880363016,
    "best_experiment_id": "params_828dca1639",
    "best_experiment_params": {
        "model": "transformer",
        "task": "HumanActivityRecognition",
        "task_name": "HumanActivityRecognition",
        "seed": 42,
        "num_classes": 5,
        "batch_size": 128,
        "learning_rate": 0.001,
        "weight_decay": 1e-05,
        "epochs": 100,
        "warmup_epochs": 5,
        "patience": 15,
        "win_len": 500,
        "feature_size": 232,
        "test_splits": [
            "test_id",
            "test_cross_device",
            "test_cross_user_env",
            "test_instance",
            "test_cross_user",
            "test_cross_env"
        ]
    },
    "best_test_accuracies": {
        "test": 0.9326379834854411,
        "test_cross_device": 0.29020870106946317,
        "test_cross_user_env": 0.40039447731755423,
        "test_instance": 0.3783783783783784,
        "test_cross_user": 0.47245850194070527,
        "test_cross_env": 0.26917293233082706
    },
    "best_test_f1_scores": {
        "test": 0.9327977741919373,
        "test_cross_device": 0.31659096993828917,
        "test_cross_user_env": 0.40846694406675843,
        "test_instance": 0.28670109970568686,
        "test_cross_user": 0.440642925082193,
        "test_cross_env": 0.286099219543765
    },
    "timestamp": "2026-06-26 23:59:26"
}