,precision,recall,f1-score,support
Nonhuman,0.9878587196467992,0.9824368825466521,0.9851403412217942,911.0
Human,0.9854280510018215,0.989935956084172,0.9876768598813327,1093.0
accuracy,0.9865269461077845,0.9865269461077845,0.9865269461077845,0.9865269461077845
macro avg,0.9866433853243104,0.986186419315412,0.9864086005515634,2004.0
weighted avg,0.9865330106503117,0.9865269461077845,0.9865237817880994,2004.0
