,precision,recall,f1-score,support
Nonhuman,0.9905603534846354,0.9957601453664445,0.9931534434152235,4953.0
Human,0.9949385394070861,0.9887425149700598,0.9918308505526189,4175.0
accuracy,0.9925503943908852,0.9925503943908852,0.9925503943908852,0.9925503943908852
macro avg,0.9927494464458608,0.9922513301682522,0.9924921469839212,9128.0
weighted avg,0.9925628651220403,0.9925503943908852,0.9925485107682718,9128.0
