,precision,recall,f1-score,support
Nonhuman,0.9896823791219906,0.9932994923857869,0.9914876368058371,4925.0
Human,0.9921203438395415,0.9878744650499287,0.9899928520371694,4206.0
accuracy,0.9908005694885554,0.9908005694885554,0.9908005694885554,0.9908005694885554
macro avg,0.990901361480766,0.9905869787178578,0.9907402444215032,9131.0
weighted avg,0.9908053754643429,0.9908005694885554,0.9907990961490616,9131.0
