,precision,recall,f1-score,support
Nonhuman,1.0,0.9922027290448343,0.9960861056751468,513.0
Human,0.9887640449438202,1.0,0.9943502824858758,352.0
accuracy,0.9953757225433526,0.9953757225433526,0.9953757225433526,0.9953757225433526
macro avg,0.9943820224719101,0.9961013645224172,0.9952181940805113,865.0
weighted avg,0.9954276807170228,0.9953757225433526,0.9953797360073741,865.0
