,precision,recall,f1-score,support
Nonhuman,0.9886621315192744,0.9962867752070836,0.9924598093612178,3501.0
Human,0.9952450621799561,0.9855124954726548,0.9903548680618744,2761.0
accuracy,0.9915362503992334,0.9915362503992334,0.9915362503992334,0.9915362503992334
macro avg,0.9919535968496153,0.9908996353398692,0.9914073387115461,6262.0
weighted avg,0.9915646341628616,0.9915362503992334,0.9915317124389108,6262.0
