{
    "best_epoch": 68,
    "best_val_loss": 0.0335231123200197,
    "best_val_accuracy": 0.9925503943908852,
    "experiment_id": "params_828dca1639",
    "experiment_completed": true,
    "test_easy_accuracy": 0.9953757225433526,
    "test_easy_f1_score": 0.9953797360073741,
    "test_accuracy": 0.9908005694885554,
    "test_f1_score": 0.9907990961490616,
    "test_hard_accuracy": 0.9865269461077845,
    "test_hard_f1_score": 0.9865237817880994,
    "test_medium_accuracy": 0.9915362503992334,
    "test_medium_f1_score": 0.9915317124389108
}