{
    "test_easy": {
        "loss": 0.02495791526871997,
        "accuracy": 0.9953757225433526,
        "f1_score": 0.9953797360073741,
        "n_samples": 865
    },
    "test": {
        "loss": 0.035955881984350596,
        "accuracy": 0.9908005694885554,
        "f1_score": 0.9907990961490616,
        "n_samples": 9131
    },
    "test_hard": {
        "loss": 0.054494504056064166,
        "accuracy": 0.9865269461077845,
        "f1_score": 0.9865237817880994,
        "n_samples": 2004
    },
    "test_medium": {
        "loss": 0.031542251880179686,
        "accuracy": 0.9915362503992334,
        "f1_score": 0.9915317124389108,
        "n_samples": 6262
    }
}