,precision,recall,f1-score,support
U01,0.0,0.0,0.0,0.0
U03,0.0,0.0,0.0,0.0
U04,0.0,0.0,0.0,0.0
U05,1.0,0.20857142857142857,0.34515366430260047,6650.0
U06,0.0,0.0,0.0,0.0
U22,0.0,0.0,0.0,0.0
accuracy,0.20857142857142857,0.20857142857142857,0.20857142857142857,0.20857142857142857
macro avg,0.16666666666666666,0.034761904761904765,0.05752561071710008,6650.0
weighted avg,1.0,0.20857142857142857,0.34515366430260047,6650.0
