,precision,recall,f1-score,support
U01,0.9977802441731409,1.0,0.9988888888888889,899.0
U03,1.0,0.9977477477477478,0.9988726042841037,444.0
U04,0.9972862957937585,0.9945872801082544,0.9959349593495935,739.0
U05,0.9988851727982163,0.9977728285077951,0.9983286908077994,898.0
U06,1.0,1.0,1.0,794.0
U22,0.9975874547647768,1.0,0.998792270531401,827.0
accuracy,0.9984785916105194,0.9984785916105194,0.9984785916105194,0.9984785916105194
macro avg,0.9985898612549821,0.9983513093939663,0.9984695689769644,4601.0
weighted avg,0.9984791833006977,0.9984785916105194,0.9984779079433764,4601.0
