,precision,recall,f1-score,support
U01,0.9965870307167235,1.0,0.9982905982905983,876.0
U03,0.9977064220183486,0.9977064220183486,0.9977064220183486,436.0
U04,0.9987244897959183,0.9911392405063291,0.9949174078780177,790.0
U05,0.9966480446927374,0.9977628635346756,0.9972051425377306,894.0
U06,1.0,1.0,1.0,816.0
U22,0.9974747474747475,1.0,0.9987357774968394,790.0
accuracy,0.9978270317253368,0.9978270317253368,0.9978270317253368,0.9978270317253368
macro avg,0.9978567891164124,0.9977680876765588,0.9978092247035891,4602.0
weighted avg,0.9978294194495834,0.9978270317253368,0.997824853971628,4602.0
