{
    "test": {
        "loss": 0.008580824523694857,
        "accuracy": 0.9978270317253368,
        "f1_score": 0.997824853971628,
        "n_samples": 4602
    },
    "test_cross_device": {
        "loss": 6.5450120947836545,
        "accuracy": 0.23393209427889108,
        "f1_score": 0.20698647837369027,
        "n_samples": 9631
    },
    "test_cross_user": {
        "loss": 18.19555270668891,
        "accuracy": 0.0,
        "f1_score": 0.0,
        "n_samples": 12109
    },
    "test_cross_env": {
        "loss": 8.368527564213688,
        "accuracy": 0.20857142857142857,
        "f1_score": 0.34515366430260047,
        "n_samples": 6650
    }
}