,precision,recall,f1-score,support
Fan,0.9865470852017937,0.9821428571428571,0.9843400447427293,224.0
Human,0.9836492890995261,0.9869234427009035,0.9852836458580584,4206.0
IRobot,0.9800613496932515,0.9815668202764977,0.9808135072908672,651.0
Pet,0.9890981169474727,0.985679012345679,0.9873856047489488,4050.0
accuracy,0.9858723031431388,0.9858723031431388,0.9858723031431388,0.9858723031431388
macro avg,0.9848389602355111,0.9840780331164843,0.984455700660151,9131.0
weighted avg,0.985881367793821,0.9858723031431388,0.9858741076531554,9131.0
