,precision,recall,f1-score,support
Nonhuman,0.9765798505955986,0.9821319796954314,0.9793480461631909,4925.0
Human,0.9789372905696505,0.9724203518782691,0.9756679389312977,4206.0
accuracy,0.9776585259007776,0.9776585259007776,0.9776585259007776,0.9776585259007776
macro avg,0.9777585705826246,0.9772761657868503,0.9775079925472443,9131.0
weighted avg,0.9776657549358531,0.9776585259007776,0.9776528834189853,9131.0
