,precision,recall,f1-score,support
Nonhuman,0.9796149490373726,0.9495060373216246,0.9643255295429208,911.0
Human,0.9589652096342551,0.9835315645013724,0.971093044263776,1093.0
accuracy,0.9680638722554891,0.9680638722554891,0.9680638722554891,0.9680638722554891
macro avg,0.9692900793358139,0.9665188009114984,0.9677092869033483,2004.0
weighted avg,0.9683523915685067,0.9680638722554891,0.968016594208537,2004.0
