,precision,recall,f1-score,support
Nonhuman,1.0,0.9551656920077972,0.9770687936191426,513.0
Human,0.9386666666666666,1.0,0.9683631361760661,352.0
accuracy,0.9734104046242774,0.9734104046242774,0.9734104046242774,0.9734104046242774
macro avg,0.9693333333333334,0.9775828460038987,0.9727159648976043,865.0
weighted avg,0.975041233140655,0.9734104046242774,0.973526144578723,865.0
