,precision,recall,f1-score,support
Fan,0.9609375,0.9723320158102767,0.9666011787819253,253.0
Human,0.9827379525293695,0.9817964071856288,0.982266954229571,4175.0
IRobot,0.9715189873417721,0.9777070063694268,0.9746031746031746,628.0
Pet,0.985991644138609,0.9852652259332023,0.9856283011914998,4072.0
accuracy,0.9828001752848379,0.9828001752848379,0.9828001752848379,0.9828001752848379
macro avg,0.9752965210024376,0.9792751638246336,0.9772749022015427,9128.0
weighted avg,0.9828133258428096,0.9828001752848379,0.9828049811834867,9128.0
