,precision,recall,f1-score,support
Fan,0.9830508474576272,0.9666666666666667,0.9747899159663865,60.0
Human,0.9694519317160827,0.9871912168344007,0.9782411604714415,1093.0
IRobot,1.0,0.9558823529411765,0.9774436090225563,204.0
Pet,0.978021978021978,0.9629057187017002,0.9704049844236761,647.0
accuracy,0.9755489021956087,0.9755489021956087,0.9755489021956087,0.9755489021956087
macro avg,0.982631189298922,0.968161488785986,0.9752199174710151,2004.0
weighted avg,0.9757356447072634,0.9755489021956087,0.9755266988602738,2004.0
