,precision,recall,f1-score,support
Nonhuman,0.9783132530120482,0.9836462749848577,0.9809725158562368,4953.0
Human,0.9804725168756027,0.9741317365269461,0.977291841883936,4175.0
accuracy,0.9792944785276073,0.9792944785276073,0.9792944785276073,0.9792944785276073
macro avg,0.9793928849438254,0.9788890057559019,0.9791321788700864,9128.0
weighted avg,0.9793008654825062,0.9792944785276073,0.9792890349366099,9128.0
