,precision,recall,f1-score,support
Nonhuman,0.9726256983240223,0.9945729791488146,0.9834769100409547,3501.0
Human,0.9929157345264727,0.9645056139080044,0.9785045011941944,2761.0
accuracy,0.9813158735228361,0.9813158735228361,0.9813158735228361,0.9813158735228361
macro avg,0.9827707164252475,0.9795392965284095,0.9809907056175746,6262.0
weighted avg,0.9815718481092292,0.9813158735228361,0.9812845081204972,6262.0
