,precision,recall,f1-score,support
Fan,1.0,0.9666666666666667,0.9830508474576272,60.0
Human,0.946236559139785,1.0,0.9723756906077348,352.0
IRobot,0.0,0.0,0.0,0.0
Pet,1.0,0.9580573951434879,0.9785794813979707,453.0
accuracy,0.9757225433526011,0.9757225433526011,0.9757225433526011,0.9757225433526011
macro avg,0.7365591397849462,0.7311810154525387,0.7335015048658331,865.0
weighted avg,0.9781216980545715,0.9757225433526011,0.9763650855660821,865.0
