{
    "test_easy": {
        "loss": 0.08214610709964884,
        "accuracy": 0.9734104046242774,
        "f1_score": 0.973526144578723,
        "n_samples": 865
    },
    "test": {
        "loss": 0.06147158300939253,
        "accuracy": 0.9776585259007776,
        "f1_score": 0.9776528834189853,
        "n_samples": 9131
    },
    "test_hard": {
        "loss": 0.09032457971536674,
        "accuracy": 0.9680638722554891,
        "f1_score": 0.968016594208537,
        "n_samples": 2004
    },
    "test_medium": {
        "loss": 0.04938201932710617,
        "accuracy": 0.9813158735228361,
        "f1_score": 0.9812845081204972,
        "n_samples": 6262
    }
}