{
    "best_epoch": 37,
    "best_val_loss": 0.06893747048319444,
    "best_val_accuracy": 0.9828001752848379,
    "experiment_id": "params_828dca1639",
    "experiment_completed": true,
    "test_easy_accuracy": 0.9757225433526011,
    "test_easy_f1_score": 0.9763650855660821,
    "test_accuracy": 0.9858723031431388,
    "test_f1_score": 0.9858741076531554,
    "test_hard_accuracy": 0.9755489021956087,
    "test_hard_f1_score": 0.9755266988602738,
    "test_medium_accuracy": 0.9905780900670712,
    "test_medium_f1_score": 0.9905795070257888
}