{
    "test_easy": {
        "loss": 0.13611104388847797,
        "accuracy": 0.9757225433526011,
        "f1_score": 0.9763650855660821,
        "n_samples": 865
    },
    "test": {
        "loss": 0.06441643775436356,
        "accuracy": 0.9858723031431388,
        "f1_score": 0.9858741076531554,
        "n_samples": 9131
    },
    "test_hard": {
        "loss": 0.09528817414786114,
        "accuracy": 0.9755489021956087,
        "f1_score": 0.9755266988602738,
        "n_samples": 2004
    },
    "test_medium": {
        "loss": 0.044633173758144906,
        "accuracy": 0.9905780900670712,
        "f1_score": 0.9905795070257888,
        "n_samples": 6262
    }
}