,precision,recall,f1-score,support
0.5,0.10966183574879228,0.14196372732958099,0.12373943853911147,1599.0
1.5,0.7781371280724451,0.47530620308178584,0.5901398086828551,7593.0
2.5,0.20297528996469996,0.5091714104996837,0.2902469803497386,1581.0
3.5,0.3700348432055749,0.39745508982035926,0.3832551425478167,1336.0
accuracy,0.4271203237261541,0.4271203237261541,0.4271203237261541,0.4271203237261541
macro avg,0.36520227424787804,0.38097410768285245,0.34684534252988053,12109.0
weighted avg,0.5697427510755002,0.4271203237261541,0.4665703423841587,12109.0
