,precision,recall,f1-score,support
0.5,0.8991304347826087,0.9150442477876106,0.9070175438596492,565.0
1.5,0.9650053022269353,0.967741935483871,0.9663716814159292,2821.0
2.5,0.9336734693877551,0.8407350689127105,0.8847703464947623,653.0
3.5,0.8770491803278688,0.9502664298401421,0.9121909633418585,563.0
accuracy,0.9411125597566276,0.9411125597566276,0.9411125597566276,0.9411125597566276
macro avg,0.918714596681292,0.9184469205060836,0.9175876337780497,4602.0
weighted avg,0.9417114552953396,0.9411125597566276,0.94087743897818,4602.0
