,precision,recall,f1-score,support
0.5,0.8994413407821229,0.9130434782608695,0.9061913696060038,529.0
1.5,0.9651043448511802,0.9657651489216021,0.9654346338124572,2921.0
2.5,0.9320214669051878,0.8611570247933884,0.8951890034364262,605.0
3.5,0.8814432989690721,0.9395604395604396,0.9095744680851063,546.0
accuracy,0.9428385133666595,0.9428385133666595,0.9428385133666595,0.9428385133666595
macro avg,0.9195026128768907,0.9198815228840749,0.9190973687349984,4601.0
weighted avg,0.9432765245161471,0.9428385133666595,0.9427574019868006,4601.0
