,precision,recall,f1-score,support
0.5,0.22089825847846012,0.40847457627118644,0.2867340868530637,1180.0
1.5,0.6652151193171921,0.6436878476318895,0.6542744560561933,5933.0
2.5,0.1724137931034483,0.21374045801526717,0.19086571233810498,1310.0
3.5,0.13095238095238096,0.009105960264900662,0.017027863777089782,1208.0
accuracy,0.4767936870522272,0.4767936870522272,0.4767936870522272,0.4767936870522272
macro avg,0.29736988796287034,0.3187522105458109,0.28722552975611293,9631.0
weighted avg,0.47673489700648713,0.4767936870522272,0.46628183084556657,9631.0
