,precision,recall,f1-score,support
0.5,0.26134453781512607,0.6746203904555315,0.3767413688673531,922.0
1.5,0.6697095435684647,0.5923660386591632,0.6286678784731239,4087.0
2.5,0.1206581352833638,0.08239700374531835,0.09792284866468842,801.0
3.5,0.3055555555555556,0.039285714285714285,0.06962025316455696,840.0
accuracy,0.4724812030075188,0.4724812030075188,0.4724812030075188,0.4724812030075188
macro avg,0.33931694305562754,0.34716728678643183,0.29323808729243056,6650.0
weighted avg,0.5009588573621808,0.4724812030075188,0.4591937407299249,6650.0
