{
    "best_epoch": 93,
    "best_val_loss": 0.1517628222571148,
    "best_val_accuracy": 0.9482721147576614,
    "experiment_id": "params_828dca1639",
    "experiment_completed": true,
    "test_accuracy": 0.9411125597566276,
    "test_f1_score": 0.94087743897818,
    "test_cross_device_accuracy": 0.4767936870522272,
    "test_cross_device_f1_score": 0.46628183084556657,
    "test_cross_user_accuracy": 0.4271203237261541,
    "test_cross_user_f1_score": 0.4665703423841587,
    "test_cross_env_accuracy": 0.4724812030075188,
    "test_cross_env_f1_score": 0.4591937407299249
}