{
    "test": {
        "loss": 0.18023612502086478,
        "accuracy": 0.9411125597566276,
        "f1_score": 0.94087743897818,
        "n_samples": 4602
    },
    "test_cross_device": {
        "loss": 2.6827220766235644,
        "accuracy": 0.4767936870522272,
        "f1_score": 0.46628183084556657,
        "n_samples": 9631
    },
    "test_cross_user": {
        "loss": 3.08831936984735,
        "accuracy": 0.4271203237261541,
        "f1_score": 0.4665703423841587,
        "n_samples": 12109
    },
    "test_cross_env": {
        "loss": 2.8342277490286003,
        "accuracy": 0.4724812030075188,
        "f1_score": 0.4591937407299249,
        "n_samples": 6650
    }
}