{
    "test": {
        "loss": 5.2545161893452875e-06,
        "accuracy": 1.0,
        "f1_score": 1.0,
        "n_samples": 4602
    },
    "test_cross_device": {
        "loss": 10.820331454066618,
        "accuracy": 0.1566815491641574,
        "f1_score": 0.1429884177706226,
        "n_samples": 9631
    },
    "test_cross_user": {
        "loss": 14.309665728288733,
        "accuracy": 0.0,
        "f1_score": 0.0,
        "n_samples": 12109
    },
    "test_cross_env": {
        "loss": 9.6313451844409,
        "accuracy": 0.24406015037593984,
        "f1_score": 0.39236069140577784,
        "n_samples": 6650
    }
}