{
    "best_epoch": 100,
    "best_val_loss": 5.258689475987741e-06,
    "best_val_accuracy": 1.0,
    "experiment_id": "params_828dca1639",
    "experiment_completed": true,
    "test_accuracy": 1.0,
    "test_f1_score": 1.0,
    "test_cross_device_accuracy": 0.1566815491641574,
    "test_cross_device_f1_score": 0.1429884177706226,
    "test_cross_user_accuracy": 0.0,
    "test_cross_user_f1_score": 0.0,
    "test_cross_env_accuracy": 0.24406015037593984,
    "test_cross_env_f1_score": 0.39236069140577784
}