{
    "best_val_accuracy": 0.9580525972614649,
    "best_val_loss": 0.12209310320907768,
    "best_experiment_id": "params_828dca1639",
    "best_experiment_params": {
        "model": "vit",
        "task": "HumanActivityRecognition",
        "task_name": "HumanActivityRecognition",
        "seed": 42,
        "num_classes": 5,
        "batch_size": 128,
        "learning_rate": 0.001,
        "weight_decay": 1e-05,
        "epochs": 100,
        "warmup_epochs": 5,
        "patience": 15,
        "win_len": 500,
        "feature_size": 232,
        "test_splits": [
            "test_id",
            "test_cross_device",
            "test_cross_user_env",
            "test_instance",
            "test_cross_user",
            "test_cross_env"
        ]
    },
    "best_test_accuracies": {
        "test": 0.9595827900912647,
        "test_cross_device": 0.30432976845602744,
        "test_cross_user_env": 0.4194253425022656,
        "test_instance": 0.3918918918918919,
        "test_cross_user": 0.47832190932364355,
        "test_cross_env": 0.31218045112781956
    },
    "best_test_f1_scores": {
        "test": 0.9595117271278022,
        "test_cross_device": 0.3178452427315257,
        "test_cross_user_env": 0.4073563823044853,
        "test_instance": 0.32046447174706943,
        "test_cross_user": 0.4435849928148832,
        "test_cross_env": 0.3249382610947653
    },
    "timestamp": "2026-06-25 17:45:30"
}