,precision,recall,f1-score,support
001,1.0,1.0,1.0,292.0
100,1.0,1.0,1.0,59.0
101,1.0,0.9782608695652174,0.989010989010989,92.0
110,0.9782608695652174,1.0,0.989010989010989,90.0
accuracy,0.9962476547842402,0.9962476547842402,0.9962476547842402,0.9962476547842402
macro avg,0.9945652173913043,0.9945652173913043,0.9945054945054945,533.0
weighted avg,0.9963292275063218,0.9962476547842402,0.9962476547842402,533.0
