{
    "best_epoch": 34,
    "best_val_loss": 0.017520303713895142,
    "best_val_accuracy": 0.9962476547842402,
    "experiment_id": "params_828dca1639",
    "experiment_completed": true,
    "test_accuracy": 0.9963503649635036,
    "test_f1_score": 0.9963441236806171,
    "test_medium_id_accuracy": null,
    "test_medium_id_f1_score": null,
    "test_easy_id_accuracy": null,
    "test_easy_id_f1_score": null,
    "test_hard_id_accuracy": 0.9963503649635036,
    "test_hard_id_f1_score": 0.9963441236806171
}