{
    "test": {
        "loss": 0.014122361494024304,
        "accuracy": 0.9963503649635036,
        "f1_score": 0.9963441236806171,
        "n_samples": 548
    },
    "test_medium_id": {
        "loss": null,
        "accuracy": null,
        "f1_score": null,
        "n_samples": 0
    },
    "test_easy_id": {
        "loss": null,
        "accuracy": null,
        "f1_score": null,
        "n_samples": 0
    },
    "test_hard_id": {
        "loss": 0.014122361494024304,
        "accuracy": 0.9963503649635036,
        "f1_score": 0.9963441236806171,
        "n_samples": 548
    }
}