,precision,recall,f1-score,support
jumping,0.6923076923076923,0.16071428571428573,0.2608695652173913,112.0
running,0.5,0.06914893617021277,0.12149532710280374,188.0
seated-breathing,1.0,1.0,1.0,21.0
walking,0.2844574780058651,1.0,0.4429223744292237,97.0
wavinghand,0.8666666666666667,1.0,0.9285714285714286,26.0
accuracy,0.39414414414414417,0.39414414414414417,0.39414414414414417,0.39414414414414417
macro avg,0.6686863673960449,0.6459726443768996,0.5507717390641694,444.0
weighted avg,0.5465409239602789,0.39414414414414417,0.31568657716704224,444.0
