,precision,recall,f1-score,support
jumping,0.0653038046564452,0.12921348314606743,0.08675971331572992,890.0
running,0.27783452502553624,0.20481927710843373,0.23580407455570004,1328.0
seated-breathing,0.19789280806229959,0.36455696202531646,0.25653206650831356,1185.0
walking,0.596550557997971,0.36007348438456827,0.44908350305498984,4899.0
wavinghand,0.22901199314677329,0.3017306245297216,0.2603896103896104,1329.0
accuracy,0.3098328314816738,0.3098328314816738,0.3098328314816738,0.3098328314816738
macro avg,0.2733187377778051,0.2720787662388215,0.25771379356486873,9631.0
weighted avg,0.4037426783777484,0.3098328314816738,0.33646270671243983,9631.0
