,precision,recall,f1-score,support
jumping,0.12693050193050193,0.4039938556067588,0.19316929856775616,651.0
running,0.1298417894162575,0.2809917355371901,0.17761194029850746,847.0
seated-breathing,0.31,0.03604651162790698,0.06458333333333334,860.0
walking,0.6144994246260069,0.31282952548330406,0.41459627329192544,3414.0
wavinghand,0.19845644983461963,0.20501138952164008,0.20168067226890757,878.0
accuracy,0.26766917293233083,0.26766917293233083,0.26766917293233083,0.26766917293233083
macro avg,0.27594563316147724,0.24777460355536,0.21032830355208598,6650.0
weighted avg,0.4107298572962873,0.26766917293233083,0.289359323419225,6650.0
