,precision,recall,f1-score,support
jumping,0.9032258064516129,0.8088888888888889,0.8534583821805393,450.0
running,0.9312714776632303,0.8914473684210527,0.9109243697478991,608.0
seated-breathing,0.9530744336569579,0.9608482871125612,0.9569455727051178,613.0
walking,0.976107732406603,0.9812227074235808,0.9786585365853658,2290.0
wavinghand,0.882183908045977,0.959375,0.9191616766467066,640.0
accuracy,0.9467507063681808,0.9467507063681808,0.9467507063681808,0.9467507063681808
macro avg,0.929172671644876,0.9203564503692168,0.9238297075731257,4601.0
weighted avg,0.9469210405378681,0.9467507063681808,0.9462937289047126,4601.0
