,precision,recall,f1-score,support
jumping,0.07351778656126483,0.10449438202247191,0.0863109048723898,890.0
running,0.2817551963048499,0.18373493975903615,0.22242479489516864,1328.0
seated-breathing,0.17610269914417379,0.45147679324894513,0.2533743784039782,1185.0
walking,0.6356066613798572,0.3272096346193101,0.43201724834927907,4899.0
wavinghand,0.16494845360824742,0.24078254326561324,0.1957785255429795,1329.0
accuracy,0.29020870106946317,0.29020870106946317,0.29020870106946317,0.29020870106946317
macro avg,0.26638615939967863,0.26153965858307526,0.23798117041275907,9631.0
weighted avg,0.4133877020209214,0.29020870106946317,0.31659096993828917,9631.0
