,precision,recall,f1-score,support
jumping,0.1087248322147651,0.18652849740932642,0.13737545049819802,1737.0
running,0.1336,0.13036690085870414,0.13196365073093638,2562.0
seated-breathing,0.44505494505494503,0.23086319218241041,0.3040214477211796,2456.0
walking,0.604695495133942,0.6322912295425934,0.6181855479768193,9532.0
wavinghand,0.24681059862610402,0.2034789644012945,0.22305986696230598,2472.0
accuracy,0.4134015672477211,0.4134015672477211,0.4134015672477211,0.4134015672477211
macro avg,0.30777717420595124,0.2767057568788657,0.28292119277788785,18759.0
weighted avg,0.426369552643129,0.41340156724772115,0.41405924306930586,18759.0
