,precision,recall,f1-score,support
jumping,0.9159663865546218,0.7266666666666667,0.8104089219330854,450.0
running,0.8933764135702746,0.9095394736842105,0.9013854930725347,608.0
seated-breathing,0.9136577708006279,0.9494290375203915,0.9312,613.0
walking,0.98125,0.959825327510917,0.9704194260485651,2290.0
wavinghand,0.8235294117647058,0.9625,0.8876080691642652,640.0
accuracy,0.9293631819169745,0.9293631819169745,0.9293631819169745,0.9293631819169745
macro avg,0.9055559965380461,0.9015921010764372,0.9002043820436899,4601.0
weighted avg,0.9323084699914157,0.9293631819169745,0.928902769957473,4601.0
