,precision,recall,f1-score,support
jumping,0.8686131386861314,0.8263888888888888,0.8469750889679716,432.0
running,0.9293103448275862,0.8850574712643678,0.9066442388561816,609.0
seated-breathing,0.9638336347197106,0.9483985765124555,0.9560538116591928,562.0
walking,0.9827658680117697,0.9790619765494137,0.9809104258443465,2388.0
wavinghand,0.8718703976435935,0.9689034369885434,0.9178294573643411,611.0
accuracy,0.9471968709256845,0.9471968709256845,0.9471968709256845,0.9471968709256845
macro avg,0.9232786767777583,0.9215620700407339,0.9216826045384068,4602.0
weighted avg,0.9479406963053514,0.9471968709256845,0.9470990259487084,4602.0
