,precision,recall,f1-score,support
jumping,0.8885941644562334,0.7754629629629629,0.8281829419035847,432.0
running,0.8798076923076923,0.9014778325123153,0.8905109489051095,609.0
seated-breathing,0.9042016806722689,0.9572953736654805,0.9299913569576491,562.0
walking,0.9896373056994818,0.9597989949748744,0.9744897959183674,2388.0
wavinghand,0.8376811594202899,0.9459901800327333,0.8885472713297463,611.0
accuracy,0.9326379834854411,0.9326379834854411,0.9326379834854411,0.9326379834854411
macro avg,0.8999844005111933,0.9080050688296734,0.9023444630028914,4602.0
weighted avg,0.9350095572825841,0.9326379834854411,0.9327977741919373,4602.0
