,precision,recall,f1-score,support
jumping,0.08500772797527048,0.05064456721915286,0.06347374495095211,1086.0
running,0.16752577319587628,0.11370262390670553,0.13546370267453978,1715.0
seated-breathing,0.3865073787772312,0.34461152882205515,0.36435905929115603,1596.0
walking,0.6059333158309268,0.7544949329846355,0.6721025043680838,6118.0
wavinghand,0.24264120922832141,0.19134253450439148,0.21396001403016485,1594.0
accuracy,0.47245850194070527,0.47245850194070527,0.47245850194070527,0.47245850194070527
macro avg,0.29752308100152525,0.2909592374873881,0.2898718050629793,12109.0
weighted avg,0.42037831232175127,0.47245850194070527,0.440642925082193,12109.0
