,precision,recall,f1-score,support
jumping,0.12168719671519224,0.18767990788716177,0.14764492753623187,1737.0
running,0.14776070611310885,0.17642466822794692,0.16082547589396903,2562.0
seated-breathing,0.3836898395721925,0.23371335504885993,0.29048582995951416,2456.0
walking,0.6081979723100404,0.5852916491817037,0.5965249933172948,9532.0
wavinghand,0.2465986394557823,0.23462783171521034,0.24046434494195687,2472.0
accuracy,0.40039447731755423,0.40039447731755423,0.40039447731755423,0.40039447731755423
macro avg,0.3015868708332633,0.28354748241217653,0.2871891143297934,18759.0
weighted avg,0.42322142675725666,0.40039447731755423,0.40846694406675843,18759.0
