,precision,recall,f1-score,support
jumping,0.7692307692307693,0.08928571428571429,0.16,112.0
running,0.4666666666666667,0.07446808510638298,0.12844036697247707,188.0
seated-breathing,1.0,1.0,1.0,21.0
walking,0.282798833819242,1.0,0.4409090909090909,97.0
wavinghand,0.7027027027027027,1.0,0.8253968253968254,26.0
accuracy,0.3783783783783784,0.3783783783783784,0.3783783783783784,0.3783783783783784
macro avg,0.6442797944838761,0.6327507598784194,0.5109492566556787,444.0
weighted avg,0.5418669744097212,0.3783783783783784,0.28670109970568686,444.0
