,precision,recall,f1-score,support
jumping,0.13336614173228348,0.4162826420890937,0.20201267238166232,651.0
running,0.13562005277044856,0.30342384887839435,0.187454412837345,847.0
seated-breathing,0.3287671232876712,0.027906976744186046,0.05144694533762058,860.0
walking,0.6192926045016077,0.2820738137082601,0.387603139464681,3414.0
wavinghand,0.2511415525114155,0.3132118451025057,0.27876330461226556,878.0
accuracy,0.26917293233082706,0.26917293233082706,0.26917293233082706,0.26917293233082706
macro avg,0.2936374949606853,0.268579825304488,0.2214560949267149,6650.0
weighted avg,0.42393962464138274,0.26917293233082706,0.286099219543765,6650.0
