,precision,recall,f1-score,support
jumping,0.0671806167400881,0.056169429097605895,0.06118355065195587,1086.0
running,0.14392803598200898,0.05597667638483965,0.08060453400503778,1715.0
seated-breathing,0.4565587734241908,0.3358395989974937,0.38700361010830325,1596.0
walking,0.6026248632883704,0.8105590062111802,0.6912943472502963,6118.0
wavinghand,0.28558797524314766,0.20263488080301129,0.23706422018348625,1594.0
accuracy,0.49343463539516064,0.49343463539516064,0.49343463539516064,0.49343463539516064
macro avg,0.3111760529355612,0.2922359182988261,0.29143005243981585,12109.0
weighted avg,0.428652133124925,0.49343463539516064,0.4483903755065905,12109.0
