{
    "best_epoch": 100,
    "best_val_loss": 0.17364597878742932,
    "best_val_accuracy": 0.9467507063681808,
    "experiment_id": "params_828dca1639",
    "experiment_completed": true,
    "test_accuracy": 0.9471968709256845,
    "test_f1_score": 0.9470990259487084,
    "test_cross_device_accuracy": 0.3098328314816738,
    "test_cross_device_f1_score": 0.33646270671243983,
    "test_cross_user_env_accuracy": 0.4134015672477211,
    "test_cross_user_env_f1_score": 0.41405924306930586,
    "test_instance_accuracy": 0.39414414414414417,
    "test_instance_f1_score": 0.31568657716704224,
    "test_cross_user_accuracy": 0.49343463539516064,
    "test_cross_user_f1_score": 0.4483903755065905,
    "test_cross_env_accuracy": 0.26766917293233083,
    "test_cross_env_f1_score": 0.289359323419225
}