{
    "best_epoch": 96,
    "best_val_loss": 0.1498917880363016,
    "best_val_accuracy": 0.9521843077591828,
    "experiment_id": "params_828dca1639",
    "experiment_completed": true,
    "test_accuracy": 0.9326379834854411,
    "test_f1_score": 0.9327977741919373,
    "test_cross_device_accuracy": 0.29020870106946317,
    "test_cross_device_f1_score": 0.31659096993828917,
    "test_cross_user_env_accuracy": 0.40039447731755423,
    "test_cross_user_env_f1_score": 0.40846694406675843,
    "test_instance_accuracy": 0.3783783783783784,
    "test_instance_f1_score": 0.28670109970568686,
    "test_cross_user_accuracy": 0.47245850194070527,
    "test_cross_user_f1_score": 0.440642925082193,
    "test_cross_env_accuracy": 0.26917293233082706,
    "test_cross_env_f1_score": 0.286099219543765
}