{
    "test": {
        "loss": 0.15744735678412614,
        "accuracy": 0.9471968709256845,
        "f1_score": 0.9470990259487084,
        "n_samples": 4602
    },
    "test_cross_device": {
        "loss": 6.557230656348264,
        "accuracy": 0.3098328314816738,
        "f1_score": 0.33646270671243983,
        "n_samples": 9631
    },
    "test_cross_user_env": {
        "loss": 5.459574886666851,
        "accuracy": 0.4134015672477211,
        "f1_score": 0.41405924306930586,
        "n_samples": 18759
    },
    "test_instance": {
        "loss": 6.257309922226915,
        "accuracy": 0.39414414414414417,
        "f1_score": 0.31568657716704224,
        "n_samples": 444
    },
    "test_cross_user": {
        "loss": 4.7054848630928525,
        "accuracy": 0.49343463539516064,
        "f1_score": 0.4483903755065905,
        "n_samples": 12109
    },
    "test_cross_env": {
        "loss": 6.832699037924745,
        "accuracy": 0.26766917293233083,
        "f1_score": 0.289359323419225,
        "n_samples": 6650
    }
}