{
    "test": {
        "loss": 0.23164895169763966,
        "accuracy": 0.9326379834854411,
        "f1_score": 0.9327977741919373,
        "n_samples": 4602
    },
    "test_cross_device": {
        "loss": 6.36398761872252,
        "accuracy": 0.29020870106946317,
        "f1_score": 0.31659096993828917,
        "n_samples": 9631
    },
    "test_cross_user_env": {
        "loss": 5.303423434799367,
        "accuracy": 0.40039447731755423,
        "f1_score": 0.40846694406675843,
        "n_samples": 18759
    },
    "test_instance": {
        "loss": 6.07246546702342,
        "accuracy": 0.3783783783783784,
        "f1_score": 0.28670109970568686,
        "n_samples": 444
    },
    "test_cross_user": {
        "loss": 4.602148762834349,
        "accuracy": 0.47245850194070527,
        "f1_score": 0.440642925082193,
        "n_samples": 12109
    },
    "test_cross_env": {
        "loss": 6.580376074367896,
        "accuracy": 0.26917293233082706,
        "f1_score": 0.286099219543765,
        "n_samples": 6650
    }
}