{
    "test": {
        "loss": 0.11468096547353299,
        "accuracy": 0.9595827900912647,
        "f1_score": 0.9595117271278022,
        "n_samples": 4602
    },
    "test_cross_device": {
        "loss": 3.2173398784011242,
        "accuracy": 0.30432976845602744,
        "f1_score": 0.3178452427315257,
        "n_samples": 9631
    },
    "test_cross_user_env": {
        "loss": 3.528018417496067,
        "accuracy": 0.4194253425022656,
        "f1_score": 0.4073563823044853,
        "n_samples": 18759
    },
    "test_instance": {
        "loss": 3.61855613863146,
        "accuracy": 0.3918918918918919,
        "f1_score": 0.32046447174706943,
        "n_samples": 444
    },
    "test_cross_user": {
        "loss": 3.0162003358823117,
        "accuracy": 0.47832190932364355,
        "f1_score": 0.4435849928148832,
        "n_samples": 12109
    },
    "test_cross_env": {
        "loss": 4.459989162934454,
        "accuracy": 0.31218045112781956,
        "f1_score": 0.3249382610947653,
        "n_samples": 6650
    }
}