{
    "best_epoch": 84,
    "best_val_loss": 0.12209310320907768,
    "best_val_accuracy": 0.9580525972614649,
    "experiment_id": "params_828dca1639",
    "experiment_completed": true,
    "test_accuracy": 0.9595827900912647,
    "test_f1_score": 0.9595117271278022,
    "test_cross_device_accuracy": 0.30432976845602744,
    "test_cross_device_f1_score": 0.3178452427315257,
    "test_cross_user_env_accuracy": 0.4194253425022656,
    "test_cross_user_env_f1_score": 0.4073563823044853,
    "test_instance_accuracy": 0.3918918918918919,
    "test_instance_f1_score": 0.32046447174706943,
    "test_cross_user_accuracy": 0.47832190932364355,
    "test_cross_user_f1_score": 0.4435849928148832,
    "test_cross_env_accuracy": 0.31218045112781956,
    "test_cross_env_f1_score": 0.3249382610947653
}