{
  "exp": "mae_har_ep300_mask0.75_strategyrandom_ph29pw25_seed42_enc12_dim128_bs128",
  "layer": 12,
  "frozen_baseline": {
    "test_id": {
      "acc": 0.8355063199996948,
      "f1": 0.8300412208425676,
      "loss": 0.5146434278086133
    },
    "test_cross_device": {
      "acc": 0.236735537648201,
      "f1": 0.24120813206529637,
      "loss": 2.1113499113733853
    },
    "test_cross_env": {
      "acc": 0.3625563979148865,
      "f1": 0.34441572192898834,
      "loss": 2.2434406297726737
    },
    "test_cross_user": {
      "acc": 0.43273597955703735,
      "f1": 0.39916242837637517,
      "loss": 1.681742026199642
    }
  },
  "sweep": [
    {
      "lambda": 0.0,
      "n_seeds": 3,
      "test_id": {
        "acc_mean": 0.9058380524317423,
        "acc_std": 0.009225101095311695,
        "loss_mean": 0.2698742132221083,
        "loss_std": 0.018534927442734186,
        "acc_per_seed": [
          0.913733184337616,
          0.8956975340843201,
          0.908083438873291
        ]
      },
      "test_cross_device": {
        "acc_mean": 0.21399646997451782,
        "acc_std": 0.0455793740190636,
        "loss_mean": 3.5070690177057418,
        "loss_std": 0.10721159470327625,
        "acc_per_seed": [
          0.2541792094707489,
          0.22334130108356476,
          0.1644688993692398
        ]
      },
      "test_cross_env": {
        "acc_mean": 0.2980952461560567,
        "acc_std": 0.027868407419727844,
        "loss_mean": 3.435532030282463,
        "loss_std": 0.10780138438761824,
        "acc_per_seed": [
          0.32496240735054016,
          0.30000001192092896,
          0.26932331919670105
        ]
      },
      "test_cross_user": {
        "acc_mean": 0.4269276261329651,
        "acc_std": 0.02769313000807388,
        "loss_mean": 2.6973049857595455,
        "loss_std": 0.09603762414148546,
        "acc_per_seed": [
          0.4587496817111969,
          0.4137418568134308,
          0.4082913398742676
        ]
      }
    },
    {
      "lambda": 0.25,
      "n_seeds": 3,
      "test_id": {
        "acc_mean": 0.883094310760498,
        "acc_std": 0.012162798370964198,
        "loss_mean": 0.3391036310006652,
        "loss_std": 0.02181981259682005,
        "acc_per_seed": [
          0.8926553726196289,
          0.8694046139717102,
          0.887222945690155
        ]
      },
      "test_cross_device": {
        "acc_mean": 0.19516838093598685,
        "acc_std": 0.029778494374172872,
        "loss_mean": 3.0494692996255175,
        "loss_std": 0.2121578433511121,
        "acc_per_seed": [
          0.22874052822589874,
          0.18481984734535217,
          0.1719447672367096
        ]
      },
      "test_cross_env": {
        "acc_mean": 0.2961403528849284,
        "acc_std": 0.02675015506239178,
        "loss_mean": 3.1363131787006124,
        "loss_std": 0.15618093351223683,
        "acc_per_seed": [
          0.3263157904148102,
          0.286766916513443,
          0.275338351726532
        ]
      },
      "test_cross_user": {
        "acc_mean": 0.41346657276153564,
        "acc_std": 0.016339450733531505,
        "loss_mean": 2.3709890304893335,
        "loss_std": 0.21881349388075721,
        "acc_per_seed": [
          0.4314146637916565,
          0.3994549512863159,
          0.4095301032066345
        ]
      }
    },
    {
      "lambda": 0.5,
      "n_seeds": 3,
      "test_id": {
        "acc_mean": 0.8754164775212606,
        "acc_std": 0.009487542163025508,
        "loss_mean": 0.37171470198478623,
        "loss_std": 0.014595952224327148,
        "acc_per_seed": [
          0.8843981027603149,
          0.8654932379722595,
          0.8763580918312073
        ]
      },
      "test_cross_device": {
        "acc_mean": 0.2071089893579483,
        "acc_std": 0.020686256089235775,
        "loss_mean": 2.775998138574385,
        "loss_std": 0.17087014918855858,
        "acc_per_seed": [
          0.22874052822589874,
          0.18751947581768036,
          0.2050669640302658
        ]
      },
      "test_cross_env": {
        "acc_mean": 0.30751880009969074,
        "acc_std": 0.024427653238206906,
        "loss_mean": 2.9148434590934813,
        "loss_std": 0.14435403141780218,
        "acc_per_seed": [
          0.3354887366294861,
          0.2903759479522705,
          0.2966917157173157
        ]
      },
      "test_cross_user": {
        "acc_mean": 0.41418228546778363,
        "acc_std": 0.014466048102539847,
        "loss_mean": 2.221476207896327,
        "loss_std": 0.2066444875071991,
        "acc_per_seed": [
          0.4307539761066437,
          0.4040796160697937,
          0.40771326422691345
        ]
      }
    },
    {
      "lambda": 0.75,
      "n_seeds": 3,
      "test_id": {
        "acc_mean": 0.8668694694836935,
        "acc_std": 0.013717834989999561,
        "loss_mean": 0.39818684298042695,
        "loss_std": 0.015598480729315915,
        "acc_per_seed": [
          0.8800521492958069,
          0.8526727557182312,
          0.8678835034370422
        ]
      },
      "test_cross_device": {
        "acc_mean": 0.2389852156241735,
        "acc_std": 0.02340431863726349,
        "loss_mean": 2.5132877544975023,
        "loss_std": 0.1676377230586319,
        "acc_per_seed": [
          0.26425084471702576,
          0.23465891182422638,
          0.2180458903312683
        ]
      },
      "test_cross_env": {
        "acc_mean": 0.32917292912801105,
        "acc_std": 0.023250963721547533,
        "loss_mean": 2.7640533323933307,
        "loss_std": 0.12166077472730795,
        "acc_per_seed": [
          0.352932333946228,
          0.32812029123306274,
          0.30646616220474243
        ]
      },
      "test_cross_user": {
        "acc_mean": 0.42191757758458454,
        "acc_std": 0.017167176045488272,
        "loss_mean": 2.077671814802298,
        "loss_std": 0.1966201150543229,
        "acc_per_seed": [
          0.4409942924976349,
          0.4170451760292053,
          0.40771326422691345
        ]
      }
    },
    {
      "lambda": 1.0,
      "n_seeds": 3,
      "test_id": {
        "acc_mean": 0.863537589708964,
        "acc_std": 0.014167688478508071,
        "loss_mean": 0.4163718144392494,
        "loss_std": 0.014694502503776082,
        "acc_per_seed": [
          0.8763580918312073,
          0.8483268022537231,
          0.8659278750419617
        ]
      },
      "test_cross_device": {
        "acc_mean": 0.2521718045075734,
        "acc_std": 0.02854312093758781,
        "loss_mean": 2.370566024350521,
        "loss_std": 0.16369649829822444,
        "acc_per_seed": [
          0.2705845832824707,
          0.26663896441459656,
          0.21929186582565308
        ]
      },
      "test_cross_env": {
        "acc_mean": 0.33388470609982807,
        "acc_std": 0.01792524946062279,
        "loss_mean": 2.6217507574612036,
        "loss_std": 0.10407292252806259,
        "acc_per_seed": [
          0.34541353583335876,
          0.34300750494003296,
          0.31323307752609253
        ]
      },
      "test_cross_user": {
        "acc_mean": 0.4294051229953766,
        "acc_std": 0.020616094387229604,
        "loss_mean": 1.9985299386654454,
        "loss_std": 0.18205585898220963,
        "acc_per_seed": [
          0.4459492862224579,
          0.4359567165374756,
          0.4063093662261963
        ]
      }
    }
  ],
  "monitor_metric": "loss"
}