,precision,recall,f1-score,support
Fan,1.0,0.8833333333333333,0.9380530973451328,60.0
Human,0.9536784741144414,0.9943181818181818,0.9735744089012517,352.0
IRobot,0.0,0.0,0.0,0.0
Pet,0.9954648526077098,0.9690949227373068,0.9821029082774049,453.0
accuracy,0.9734104046242774,0.9734104046242774,0.9734104046242774,0.9734104046242774
macro avg,0.7372858316805379,0.7116866094722054,0.7234326036309473,865.0
weighted avg,0.9787750301960415,0.9734104046242774,0.975576873090882,865.0
