,precision,recall,f1-score,support
Fan,0.9959677419354839,0.9762845849802372,0.9860279441117764,253.0
Human,0.9853646833013435,0.9837125748502994,0.9845379359942467,4175.0
IRobot,0.9565217391304348,0.9808917197452229,0.9685534591194969,628.0
Pet,0.9889380530973452,0.9879666011787819,0.9884520884520884,4072.0
accuracy,0.9852103418054339,0.9852103418054339,0.9852103418054339,0.9852103418054339
macro avg,0.9816980543661519,0.9822138701886354,0.9818928569194021,9128.0
weighted avg,0.9852682729928888,0.9852103418054339,0.9852256166893303,9128.0
