,precision,recall,f1-score,support
Fan,0.9719626168224299,1.0,0.985781990521327,104.0
Human,0.9951851851851852,0.9731981166244115,0.9840688518586339,2761.0
IRobot,0.9528907922912205,0.9955257270693513,0.973741794310722,447.0
Pet,0.9829317269076305,0.995593220338983,0.9892219602559784,2950.0
accuracy,0.98578728840626,0.98578728840626,0.98578728840626,0.98578728840626
macro avg,0.9757425803016166,0.9910792660081864,0.9832036492366654,6262.0
weighted avg,0.9860078548351189,0.98578728840626,0.9857877342395298,6262.0
