,precision,recall,f1-score,support
Fan,0.9818181818181818,0.9642857142857143,0.972972972972973,224.0
Human,0.9856356236533397,0.9788397527341892,0.9822259334367172,4206.0
IRobot,0.9594594594594594,0.9815668202764977,0.9703872437357631,651.0
Pet,0.9835299901671584,0.9879012345679012,0.9857107661985711,4050.0
accuracy,0.9826963092760924,0.9826963092760924,0.9826963092760924,0.9826963092760924
macro avg,0.9776108137745348,0.9781483804660756,0.9778242290860062,9131.0
weighted avg,0.982741788861934,0.9826963092760924,0.9827005717617976,9131.0
