,precision,recall,f1-score,support
Fan,0.9833333333333333,0.9833333333333333,0.9833333333333333,60.0
Human,0.972972972972973,0.9881061299176578,0.9804811620517476,1093.0
IRobot,0.9948717948717949,0.9509803921568627,0.9724310776942355,204.0
Pet,0.9780907668231612,0.9659969088098919,0.9720062208398134,647.0
accuracy,0.9770459081836327,0.9770459081836327,0.9770459081836327,0.9770459081836327
macro avg,0.9823172170003156,0.9721041910544364,0.9770629484797825,2004.0
weighted avg,0.9771646865009436,0.9770459081836327,0.9770109155965786,2004.0
