{
    "best_epoch": 57,
    "best_val_loss": 0.058340187772813,
    "best_val_accuracy": 0.9852103418054339,
    "experiment_id": "params_828dca1639",
    "experiment_completed": true,
    "test_easy_accuracy": 0.9734104046242774,
    "test_easy_f1_score": 0.975576873090882,
    "test_accuracy": 0.9826963092760924,
    "test_f1_score": 0.9827005717617976,
    "test_hard_accuracy": 0.9770459081836327,
    "test_hard_f1_score": 0.9770109155965786,
    "test_medium_accuracy": 0.98578728840626,
    "test_medium_f1_score": 0.9857877342395298
}