{
    "test_easy": {
        "loss": 0.08868139043041219,
        "accuracy": 0.9734104046242774,
        "f1_score": 0.975576873090882,
        "n_samples": 865
    },
    "test": {
        "loss": 0.05756533154268187,
        "accuracy": 0.9826963092760924,
        "f1_score": 0.9827005717617976,
        "n_samples": 9131
    },
    "test_hard": {
        "loss": 0.07913512775131655,
        "accuracy": 0.9770459081836327,
        "f1_score": 0.9770109155965786,
        "n_samples": 2004
    },
    "test_medium": {
        "loss": 0.04636423752358506,
        "accuracy": 0.98578728840626,
        "f1_score": 0.9857877342395298,
        "n_samples": 6262
    }
}